# Index          LocalEnergy            Variance              Weight        NumOfWalkers      AvgSentWalkers         TrialEnergy             DiffEff      LivingFraction
         0   -1.0558618279e+01    2.4563429672e-01    1.3999188821e+01    1.4000000000e+01    0.0000000000e+00   -1.0581952380e+01    1.0000000000e+00    1.0000000000e+00
         1   -1.0379392394e+01    4.8934409688e-01    6.3971281514e+01    1.4000000000e+01    0.0000000000e+00    2.9341812108e+02    1.0000000000e+00    1.0000000000e+00
         2   -1.0462548148e+01    3.7137805254e-01    6.3043586093e+01    6.3000000000e+01    0.0000000000e+00   -1.0289626985e+01    1.0000000000e+00    1.0000000000e+00
         3   -1.0461379707e+01    3.4948709283e-01    6.3955287683e+01    6.3000000000e+01    0.0000000000e+00   -7.4511974606e+00    1.0000000000e+00    1.0000000000e+00
         4   -1.0435467065e+01    3.3153690952e-01    6.5039851747e+01    6.5000000000e+01    0.0000000000e+00   -1.0321604884e+01    9.9564896545e-01    1.0000000000e+00
         5   -1.0485966639e+01    3.1453655624e-01    6.3969931219e+01    6.5000000000e+01    0.0000000000e+00   -1.3658887559e+01    1.0000000000e+00    9.8461538462e-01
         6   -1.0445541329e+01    2.5611312381e-01    6.4024451950e+01    6.4000000000e+01    0.0000000000e+00   -1.0391979616e+01    1.0000000000e+00    1.0000000000e+00
         7   -1.0446453793e+01    2.5762956018e-01    6.3975535855e+01    6.4000000000e+01    0.0000000000e+00   -1.0521939079e+01    1.0000000000e+00    1.0000000000e+00
         8   -1.0458751414e+01    3.4502480380e-01    6.4026216252e+01    6.4000000000e+01    0.0000000000e+00   -1.0369988726e+01    1.0000000000e+00    1.0000000000e+00
         9   -1.0441007283e+01    2.8341253598e-01    6.5972997960e+01    6.6000000000e+01    0.0000000000e+00   -1.0540660426e+01    9.9787150355e-01    1.0000000000e+00
        10   -1.0464791707e+01    3.2235410819e-01    6.5002510761e+01    6.7000000000e+01    0.0000000000e+00   -1.6513497910e+01    1.0000000000e+00    9.8507462687e-01
        11   -1.0522339167e+01    5.4702111553e-01    6.4991699706e+01    6.6000000000e+01    0.0000000000e+00   -1.3573354284e+01    9.9517993035e-01    9.8484848485e-01
        12   -1.0540301701e+01    3.9859858178e-01    6.4011123427e+01    6.5000000000e+01    0.0000000000e+00   -1.3597635478e+01    9.9501464625e-01    9.5384615385e-01
        13   -1.0498453357e+01    2.8939189161e-01    6.1983987225e+01    6.2000000000e+01    0.0000000000e+00   -1.0575059390e+01    9.9656746194e-01    1.0000000000e+00
        14   -1.0480092115e+01    2.6083659441e-01    6.4010094164e+01    6.2000000000e+01    0.0000000000e+00   -4.0970529090e+00    1.0000000000e+00    1.0000000000e+00
        15   -1.0501375163e+01    3.6312201694e-01    6.3990812989e+01    6.4000000000e+01    0.0000000000e+00   -1.0511633891e+01    9.9627010415e-01    1.0000000000e+00
        16   -1.0361249272e+01    4.4041849580e-01    6.3986515944e+01    6.4000000000e+01    0.0000000000e+00   -1.0472663691e+01    1.0000000000e+00    1.0000000000e+00
        17   -1.0421243222e+01    4.7447363774e-01    6.4022774720e+01    6.4000000000e+01    0.0000000000e+00   -1.0319107156e+01    9.8495463280e-01    1.0000000000e+00
        18   -1.0436546563e+01    2.6014102503e-01    6.3979422141e+01    6.4000000000e+01    0.0000000000e+00   -1.0492401563e+01    9.9423773988e-01    1.0000000000e+00
        19   -1.0435894717e+01    2.7200689249e-01    6.4020222079e+01    6.4000000000e+01    0.0000000000e+00   -1.0372230413e+01    1.0000000000e+00    1.0000000000e+00
        20   -1.0467410643e+01    6.3691979140e-01    6.3984596064e+01    6.4000000000e+01    0.0000000000e+00   -1.0499078731e+01    9.9683708901e-01    1.0000000000e+00
        21   -1.0487337114e+01    2.6365393232e-01    6.4018263734e+01    6.4000000000e+01    0.0000000000e+00   -1.0419267550e+01    1.0000000000e+00    1.0000000000e+00
        22   -1.0526005530e+01    2.1641968145e-01    6.3987758752e+01    6.4000000000e+01    0.0000000000e+00   -1.0544403142e+01    9.9290785302e-01    1.0000000000e+00
        23   -1.0503471097e+01    2.2956717937e-01    6.5010242387e+01    6.5000000000e+01    0.0000000000e+00   -1.0487747970e+01    1.0000000000e+00    1.0000000000e+00
        24   -1.0541253506e+01    2.6483109038e-01    6.3998207371e+01    6.5000000000e+01    0.0000000000e+00   -1.3635820958e+01    9.9979561056e-01    9.6923076923e-01
        25   -1.0508498517e+01    2.6127502483e-01    6.2995919502e+01    6.3000000000e+01    0.0000000000e+00   -1.0535651462e+01    1.0000000000e+00    1.0000000000e+00
        26   -1.0497236939e+01    2.8755064091e-01    6.3999883235e+01    6.3000000000e+01    0.0000000000e+00   -7.3458727416e+00    9.9539713351e-01    1.0000000000e+00
        27   -1.0471619808e+01    2.7434598580e-01    6.2995884721e+01    6.3000000000e+01    0.0000000000e+00   -1.0496872048e+01    9.9747693633e-01    1.0000000000e+00
        28   -1.0429985729e+01    3.4878765031e-01    6.3994965394e+01    6.3000000000e+01    0.0000000000e+00   -7.3088836094e+00    1.0000000000e+00    1.0000000000e+00
        29   -1.0478208872e+01    3.0920239604e-01    6.3012287472e+01    6.3000000000e+01    0.0000000000e+00   -1.0414251966e+01    1.0000000000e+00    1.0000000000e+00
        30   -1.0538338673e+01    3.0267051510e-01    6.3994725327e+01    6.3000000000e+01    0.0000000000e+00   -7.3675415227e+00    9.9807086240e-01    1.0000000000e+00
        31   -1.0528989946e+01    3.0126239289e-01    6.4002238434e+01    6.4000000000e+01    0.0000000000e+00   -1.0521854641e+01    1.0000000000e+00    9.8437500000e-01
        32   -1.0501995036e+01    3.0088166686e-01    6.2995961874e+01    6.3000000000e+01    0.0000000000e+00   -1.0535984929e+01    1.0000000000e+00    1.0000000000e+00
        33   -1.0504155484e+01    3.1839098111e-01    6.4002183975e+01    6.3000000000e+01    0.0000000000e+00   -7.3395037832e+00    1.0000000000e+00    1.0000000000e+00
        34   -1.0507327729e+01    3.1973946818e-01    6.3997076069e+01    6.4000000000e+01    0.0000000000e+00   -1.0510980288e+01    9.9940672466e-01    1.0000000000e+00
        35   -1.0494004299e+01    3.2785552197e-01    6.4000550391e+01    6.4000000000e+01    0.0000000000e+00   -1.0498190237e+01    1.0000000000e+00    1.0000000000e+00
        36   -1.0459562915e+01    3.7988506198e-01    6.3993697434e+01    6.4000000000e+01    0.0000000000e+00   -1.0495724264e+01    1.0000000000e+00    1.0000000000e+00
        37   -1.0466216531e+01    4.2920117261e-01    6.4007066306e+01    6.4000000000e+01    0.0000000000e+00   -1.0439866427e+01    9.9591912990e-01    9.8437500000e-01
        38   -1.0497591196e+01    2.8843200555e-01    6.2999773048e+01    6.3000000000e+01    0.0000000000e+00   -1.0488297518e+01    9.9190533246e-01    1.0000000000e+00
        39   -1.0451817280e+01    5.3235871349e-01    6.3990567113e+01    6.3000000000e+01    0.0000000000e+00   -7.3471993169e+00    1.0000000000e+00    1.0000000000e+00
        40   -1.0521120707e+01    3.9449246323e-01    6.4020895422e+01    6.4000000000e+01    0.0000000000e+00   -1.0422337337e+01    9.9867469464e-01    1.0000000000e+00
        41   -1.0564805267e+01    3.7878354907e-01    6.3985820857e+01    6.4000000000e+01    0.0000000000e+00   -1.0586408243e+01    1.0000000000e+00    9.8437500000e-01
        42   -1.0526811801e+01    3.6289012253e-01    6.4011102758e+01    6.4000000000e+01    0.0000000000e+00   -1.0520490536e+01    9.9208989239e-01    1.0000000000e+00
        43   -1.0460916028e+01    4.1094894454e-01    6.3978118612e+01    6.4000000000e+01    0.0000000000e+00   -1.0561504911e+01    9.9869361691e-01    1.0000000000e+00
        44   -1.0472926016e+01    3.8053037125e-01    6.4023463687e+01    6.4000000000e+01    0.0000000000e+00   -1.0392524997e+01    9.9449165706e-01    1.0000000000e+00
        45   -1.0412466811e+01    3.5442842774e-01    6.3966653011e+01    6.4000000000e+01    0.0000000000e+00   -1.0546236599e+01    9.9866209900e-01    1.0000000000e+00
        46   -1.0452814323e+01    3.3362071086e-01    6.4039477674e+01    6.4000000000e+01    0.0000000000e+00   -1.0308230312e+01    9.9320042833e-01    1.0000000000e+00
        47   -1.0517250105e+01    4.3938268924e-01    6.3970640601e+01    6.4000000000e+01    0.0000000000e+00   -1.0576144021e+01    9.9297283519e-01    1.0000000000e+00
        48   -1.0518634820e+01    4.7563933951e-01    6.4029235928e+01    6.4000000000e+01    0.0000000000e+00   -1.0425480932e+01    9.9177180601e-01    1.0000000000e+00
        49   -1.0508936424e+01    3.0444933475e-01    6.3968991536e+01    6.4000000000e+01    0.0000000000e+00   -1.0609976232e+01    1.0000000000e+00    1.0000000000e+00
        50   -1.0458016489e+01    3.8739822757e-01    6.4022600184e+01    6.4000000000e+01    0.0000000000e+00   -1.0412011491e+01    9.9627271796e-01    1.0000000000e+00
        51   -1.0452060833e+01    3.2009379981e-01    6.3998678388e+01    6.4000000000e+01    0.0000000000e+00   -1.0458369554e+01    9.9629808784e-01    1.0000000000e+00
        52   -1.0420665987e+01    2.9881604349e-01    6.5997427827e+01    6.6000000000e+01    0.0000000000e+00   -1.0455018010e+01    1.0000000000e+00    1.0000000000e+00
        53   -1.0469019140e+01    2.3397260242e-01    6.5990076362e+01    6.6000000000e+01    0.0000000000e+00   -1.0474313788e+01    1.0000000000e+00    1.0000000000e+00
        54   -1.0465201460e+01    2.8878259341e-01    6.5995372085e+01    6.6000000000e+01    0.0000000000e+00   -1.0480561901e+01    9.9727449454e-01    1.0000000000e+00
        55   -1.0342103855e+01    7.0317905387e-01    6.5973354758e+01    6.6000000000e+01    0.0000000000e+00   -1.0483694318e+01    9.9943860564e-01    1.0000000000e+00
        56   -1.0439382325e+01    4.8283673496e-01    6.5975202415e+01    6.6000000000e+01    0.0000000000e+00   -1.0464879155e+01    9.9845057288e-01    1.0000000000e+00
        57   -1.0464875152e+01    3.6376815699e-01    6.5995202647e+01    6.6000000000e+01    0.0000000000e+00   -1.0465603023e+01    1.0000000000e+00    1.0000000000e+00
        58   -1.0447435381e+01    4.2011777334e-01    6.5995287995e+01    6.6000000000e+01    0.0000000000e+00   -1.0469614624e+01    9.9613004557e-01    9.8484848485e-01
        59   -1.0492730397e+01    2.7324262195e-01    6.5000199440e+01    6.5000000000e+01    0.0000000000e+00   -1.0470562553e+01    9.9493378768e-01    1.0000000000e+00
        60   -1.0506084461e+01    2.8179530661e-01    6.5012335196e+01    6.5000000000e+01    0.0000000000e+00   -1.0460656357e+01    9.9354203237e-01    1.0000000000e+00
        61   -1.0569292556e+01    2.9068935649e-01    6.5022918028e+01    6.5000000000e+01    0.0000000000e+00   -1.0466382621e+01    1.0000000000e+00    1.0000000000e+00
        62   -1.0612770083e+01    2.7968663956e-01    6.5036958888e+01    6.5000000000e+01    0.0000000000e+00   -1.0476429046e+01    9.9878127886e-01    1.0000000000e+00
        63   -1.0639949677e+01    3.0408852565e-01    6.5044547347e+01    6.5000000000e+01    0.0000000000e+00   -1.0488352479e+01    9.9766031310e-01    1.0000000000e+00
        64   -1.0611800886e+01    4.4939256398e-01    6.5040427844e+01    6.5000000000e+01    0.0000000000e+00   -1.0500445567e+01    1.0000000000e+00    1.0000000000e+00
        65   -1.0523393515e+01    5.7575415367e-01    6.5018711806e+01    6.5000000000e+01    0.0000000000e+00   -1.0508885205e+01    9.8814258732e-01    1.0000000000e+00
        66   -1.0395951898e+01    4.9315770716e-01    6.4983168879e+01    6.5000000000e+01    0.0000000000e+00   -1.0510465906e+01    1.0000000000e+00    1.0000000000e+00
        67   -1.0391346640e+01    4.7190656425e-01    6.4963814629e+01    6.5000000000e+01    0.0000000000e+00   -1.0504111924e+01    9.9616852496e-01    1.0000000000e+00
        68   -1.0490763547e+01    3.8063562630e-01    6.4981060452e+01    6.5000000000e+01    0.0000000000e+00   -1.0498396263e+01    1.0000000000e+00    1.0000000000e+00
        69   -1.0425587101e+01    3.9969195678e-01    6.4986521530e+01    6.5000000000e+01    0.0000000000e+00   -1.0499046676e+01    1.0000000000e+00    1.0000000000e+00
        70   -1.0443106634e+01    4.2447374282e-01    6.4979646541e+01    6.5000000000e+01    0.0000000000e+00   -1.0496218373e+01    9.9588139045e-01    1.0000000000e+00
        71   -1.0454363729e+01    2.8121655787e-01    6.4984940349e+01    6.5000000000e+01    0.0000000000e+00   -1.0494311865e+01    9.8857417742e-01    1.0000000000e+00
        72   -1.0488454193e+01    5.0951662565e-01    6.4992630861e+01    6.5000000000e+01    0.0000000000e+00   -1.0493268007e+01    9.9845492035e-01    1.0000000000e+00
        73   -1.0426677699e+01    3.1578167668e-01    6.4987945456e+01    6.5000000000e+01    0.0000000000e+00   -1.0493841067e+01    1.0000000000e+00    1.0000000000e+00
        74   -1.0458522627e+01    3.0875519933e-01    6.4983857325e+01    6.5000000000e+01    0.0000000000e+00   -1.0491611783e+01    1.0000000000e+00    1.0000000000e+00
        75   -1.0468337222e+01    4.1214557089e-01    6.4990870105e+01    6.5000000000e+01    0.0000000000e+00   -1.0490838057e+01    1.0000000000e+00    1.0000000000e+00
        76   -1.0540616060e+01    3.8755260458e-01    6.5004186213e+01    6.5000000000e+01    0.0000000000e+00   -1.0490667312e+01    9.9662129274e-01    1.0000000000e+00
        77   -1.0586367984e+01    3.3913327031e-01    6.5022473800e+01    6.5000000000e+01    0.0000000000e+00   -1.0493291163e+01    9.9259947499e-01    1.0000000000e+00
        78   -1.0584446225e+01    2.4492252851e-01    6.5028273851e+01    6.5000000000e+01    0.0000000000e+00   -1.0497452646e+01    9.8992070686e-01    1.0000000000e+00
        79   -1.0513000591e+01    2.9753599386e-01    6.5015236760e+01    6.5000000000e+01    0.0000000000e+00   -1.0501088169e+01    9.9808463433e-01    1.0000000000e+00
        80   -1.0530885740e+01    2.9842876898e-01    6.5006308597e+01    6.5000000000e+01    0.0000000000e+00   -1.0501816049e+01    9.9178760587e-01    1.0000000000e+00
        81   -1.0595483493e+01    3.1174720109e-01    6.5019238150e+01    6.5000000000e+01    0.0000000000e+00   -1.0503124143e+01    9.9085272156e-01    1.0000000000e+00
        82   -1.0537283746e+01    3.9294626672e-01    6.5019103851e+01    6.5000000000e+01    0.0000000000e+00   -1.0506696789e+01    9.9713132908e-01    1.0000000000e+00
        83   -1.0516084249e+01    3.6429825056e-01    6.5005750128e+01    6.5000000000e+01    0.0000000000e+00   -1.0508100392e+01    9.9695465297e-01    1.0000000000e+00
        84   -1.0480783660e+01    3.3484604124e-01    6.4996444109e+01    6.5000000000e+01    0.0000000000e+00   -1.0508594457e+01    9.9672200492e-01    9.6923076923e-01
        85   -1.0536188345e+01    3.2125542347e-01    6.3001423796e+01    6.3000000000e+01    0.0000000000e+00   -1.0508102200e+01    9.8792857758e-01    1.0000000000e+00
        86   -1.0492961371e+01    3.3257654988e-01    6.3011207483e+01    6.3000000000e+01    0.0000000000e+00   -1.0478136287e+01    9.9727722315e-01    1.0000000000e+00
        87   -1.0511310292e+01    3.4731432476e-01    6.3007259399e+01    6.3000000000e+01    0.0000000000e+00   -1.0478267225e+01    9.9173793159e-01    1.0000000000e+00
        88   -1.0451372888e+01    4.0316768524e-01    6.3000586899e+01    6.3000000000e+01    0.0000000000e+00   -1.0478664371e+01    9.8821585987e-01    1.0000000000e+00
        89   -1.0462122410e+01    4.5687504030e-01    6.2993198210e+01    6.3000000000e+01    0.0000000000e+00   -1.0477457834e+01    9.9344921555e-01    1.0000000000e+00
        90   -1.0510263486e+01    3.7539475630e-01    6.3002747609e+01    6.3000000000e+01    0.0000000000e+00   -1.0476563686e+01    1.0000000000e+00    1.0000000000e+00
        91   -1.0536614048e+01    3.8654648169e-01    6.3014268335e+01    6.3000000000e+01    0.0000000000e+00   -1.0477150475e+01    1.0000000000e+00    1.0000000000e+00
        92   -1.0550385696e+01    2.9648429891e-01    6.3020215224e+01    6.3000000000e+01    0.0000000000e+00   -1.0478375196e+01    9.9503536656e-01    1.0000000000e+00
        93   -1.0596471572e+01    3.3712074202e-01    6.3029180956e+01    6.3000000000e+01    0.0000000000e+00   -1.0479783253e+01    9.9170158787e-01    1.0000000000e+00
        94   -1.0571053936e+01    3.5575374777e-01    6.3031652774e+01    6.3000000000e+01    0.0000000000e+00   -1.0482226892e+01    1.0000000000e+00    1.0000000000e+00
        95   -1.0591073143e+01    4.0485141892e-01    6.3030258219e+01    6.3000000000e+01    0.0000000000e+00   -1.0483900370e+01    9.9797814908e-01    1.0000000000e+00
        96   -1.0542738678e+01    5.0125666652e-01    6.3025153699e+01    6.3000000000e+01    0.0000000000e+00   -1.0485876652e+01    1.0000000000e+00    1.0000000000e+00
        97   -1.0540694819e+01    4.1003185242e-01    6.3016964882e+01    6.3000000000e+01    0.0000000000e+00   -1.0486680639e+01    9.9204719077e-01    1.0000000000e+00
        98   -1.0537660779e+01    4.0679368755e-01    6.3015969759e+01    6.3000000000e+01    0.0000000000e+00   -1.0487356222e+01    9.9169162917e-01    1.0000000000e+00
        99   -1.0560636109e+01    5.3285254587e-01    6.3018859993e+01    6.3000000000e+01    0.0000000000e+00   -1.0488051154e+01    9.9801869465e-01    1.0000000000e+00
       100   -1.0581666062e+01    5.9397679274e-01    6.3025363961e+01    6.3000000000e+01    0.0000000000e+00   -1.0489238819e+01    1.0000000000e+00    1.0000000000e+00
       101   -1.0612459170e+01    4.8345236633e-01    6.3032954332e+01    6.3000000000e+01    0.0000000000e+00   -1.0490851397e+01    9.9289463689e-01    9.8412698413e-01
       102   -1.0520829818e+01    5.6457207582e-01    6.2025930557e+01    6.2000000000e+01    0.0000000000e+00   -1.0493015322e+01    1.0000000000e+00    1.0000000000e+00
       103   -1.0657920858e+01    6.1719848861e-01    6.2034288255e+01    6.2000000000e+01    0.0000000000e+00   -1.0477147710e+01    9.9246633913e-01    1.0000000000e+00
       104   -1.0559297044e+01    4.9484347689e-01    6.2039322001e+01    6.2000000000e+01    0.0000000000e+00   -1.0480049902e+01    1.0000000000e+00    1.0000000000e+00
       105   -1.0717257583e+01    1.2686431779e+00    6.2048105968e+01    6.2000000000e+01    0.0000000000e+00   -1.0481004704e+01    1.0000000000e+00    1.0000000000e+00
       106   -1.0602756539e+01    6.0806796893e-01    6.2053593209e+01    6.2000000000e+01    0.0000000000e+00   -1.0484809463e+01    9.9447535193e-01    1.0000000000e+00
       107   -1.0613694569e+01    8.4227281843e-01    6.2037114169e+01    6.2000000000e+01    0.0000000000e+00   -1.0486423754e+01    9.9949658856e-01    1.0000000000e+00
       108   -1.0706153523e+01    7.8213476036e-01    6.2052667471e+01    6.2000000000e+01    0.0000000000e+00   -1.0487819987e+01    9.9739505964e-01    1.0000000000e+00
       109   -1.0610304184e+01    7.9826878265e-01    6.2051058962e+01    6.2000000000e+01    0.0000000000e+00   -1.0491243263e+01    9.9421434899e-01    1.0000000000e+00
       110   -1.0593180479e+01    9.3900280806e-01    6.2033120073e+01    6.2000000000e+01    0.0000000000e+00   -1.0492686697e+01    9.9835710192e-01    1.0000000000e+00
       111   -1.0572729149e+01    6.1569711463e-01    6.3029649222e+01    6.3000000000e+01    0.0000000000e+00   -1.0493538020e+01    9.9135029368e-01    1.0000000000e+00
       112   -1.0637951052e+01    5.0510482306e-01    6.3029380499e+01    6.3000000000e+01    0.0000000000e+00   -1.0510248635e+01    1.0000000000e+00    1.0000000000e+00
       113   -1.0632294866e+01    5.6877117955e-01    6.3038264117e+01    6.3000000000e+01    0.0000000000e+00   -1.0512028889e+01    9.9645236122e-01    1.0000000000e+00
       114   -1.0608020249e+01    4.7394948879e-01    6.3033014856e+01    6.3000000000e+01    0.0000000000e+00   -1.0513810196e+01    1.0000000000e+00    1.0000000000e+00
       115   -1.0601547865e+01    5.4685175259e-01    6.3027829932e+01    6.3000000000e+01    0.0000000000e+00   -1.0514943366e+01    9.9188824349e-01    9.8412698413e-01
       116   -1.0558742071e+01    3.6480896560e-01    6.2021483680e+01    6.2000000000e+01    0.0000000000e+00   -1.0515942621e+01    9.9595691286e-01    1.0000000000e+00
       117   -1.0608065904e+01    4.3936935762e-01    6.2025399775e+01    6.2000000000e+01    0.0000000000e+00   -1.0500257423e+01    9.9657585679e-01    1.0000000000e+00
       118   -1.0552897181e+01    3.9964321847e-01    6.2024142348e+01    6.2000000000e+01    0.0000000000e+00   -1.0501444183e+01    1.0000000000e+00    1.0000000000e+00
       119   -1.0539782038e+01    3.3554687823e-01    6.2013508468e+01    6.2000000000e+01    0.0000000000e+00   -1.0501715415e+01    1.0000000000e+00    1.0000000000e+00
       120   -1.0572998636e+01    2.9613312315e-01    6.2016676448e+01    6.2000000000e+01    0.0000000000e+00   -1.0501639771e+01    9.9869780307e-01    1.0000000000e+00
       121   -1.0528207961e+01    3.6088409726e-01    6.2014716282e+01    6.2000000000e+01    0.0000000000e+00   -1.0502251813e+01    9.9800044707e-01    1.0000000000e+00
       122   -1.0471766992e+01    3.6300685508e-01    6.1999083249e+01    6.2000000000e+01    0.0000000000e+00   -1.0502143489e+01    9.8722868935e-01    9.8387096774e-01
       123   -1.0526086324e+01    2.5327478088e-01    6.1000547905e+01    6.1000000000e+01    0.0000000000e+00   -1.0501043592e+01    9.9133298272e-01    1.0000000000e+00
       124   -1.0538186881e+01    2.5687023495e-01    6.1014226094e+01    6.1000000000e+01    0.0000000000e+00   -1.0484716019e+01    9.9700634219e-01    1.0000000000e+00
       125   -1.0512038869e+01    2.1242054494e-01    6.1012028931e+01    6.1000000000e+01    0.0000000000e+00   -1.0485013166e+01    9.9823895407e-01    1.0000000000e+00
       126   -1.0524461577e+01    2.6279263892e-01    6.1010035165e+01    6.1000000000e+01    0.0000000000e+00   -1.0484704124e+01    1.0000000000e+00    1.0000000000e+00
       127   -1.0536714839e+01    2.8661389004e-01    6.1013817186e+01    6.1000000000e+01    0.0000000000e+00   -1.0484566840e+01    1.0000000000e+00    1.0000000000e+00
       128   -1.0574890743e+01    3.9941016973e-01    6.1021409754e+01    6.1000000000e+01    0.0000000000e+00   -1.0484683998e+01    9.9361964739e-01    1.0000000000e+00
       129   -1.0602755873e+01    2.9435533866e-01    6.1031239547e+01    6.1000000000e+01    0.0000000000e+00   -1.0485345443e+01    1.0000000000e+00    1.0000000000e+00
       130   -1.0624442237e+01    2.8621497514e-01    6.1038476694e+01    6.1000000000e+01    0.0000000000e+00   -1.0486378420e+01    9.9601080685e-01    1.0000000000e+00
       131   -1.0577779885e+01    3.5475449240e-01    6.1034295630e+01    6.1000000000e+01    0.0000000000e+00   -1.0487615100e+01    9.9861042621e-01    1.0000000000e+00
       132   -1.0625731386e+01    3.2404768711e-01    6.2036400580e+01    6.2000000000e+01    0.0000000000e+00   -1.0488068381e+01    1.0000000000e+00    1.0000000000e+00
       133   -1.0563634966e+01    3.5223575114e-01    6.2027351868e+01    6.2000000000e+01    0.0000000000e+00   -1.0505440708e+01    9.9296935314e-01    1.0000000000e+00
       134   -1.0666037468e+01    4.0370820177e-01    6.2033508164e+01    6.2000000000e+01    0.0000000000e+00   -1.0505616651e+01    9.8569141629e-01    1.0000000000e+00
       135   -1.0631183503e+01    4.3135441917e-01    6.2043427740e+01    6.2000000000e+01    0.0000000000e+00   -1.0507234876e+01    1.0000000000e+00    1.0000000000e+00
       136   -1.0600728162e+01    3.3988908056e-01    6.2032936990e+01    6.2000000000e+01    0.0000000000e+00   -1.0508473145e+01    9.9309219140e-01    1.0000000000e+00
       137   -1.0710384360e+01    4.5966178909e-01    6.3048481484e+01    6.3000000000e+01    0.0000000000e+00   -1.0509007567e+01    9.9662840103e-01    1.0000000000e+00
       138   -1.0668927189e+01    4.5152798105e-01    6.3050738191e+01    6.3000000000e+01    0.0000000000e+00   -1.0527179686e+01    9.9779449015e-01    1.0000000000e+00
       139   -1.0647963737e+01    3.6892901798e-01    6.3040450410e+01    6.3000000000e+01    0.0000000000e+00   -1.0528639843e+01    9.9723819031e-01    1.0000000000e+00
       140   -1.0596967079e+01    4.6878316030e-01    6.3028841776e+01    6.3000000000e+01    0.0000000000e+00   -1.0529636447e+01    1.0000000000e+00    1.0000000000e+00
       141   -1.0643906961e+01    5.5501482513e-01    6.3028060937e+01    6.3000000000e+01    0.0000000000e+00   -1.0530026176e+01    9.9806609489e-01    1.0000000000e+00
       142   -1.0617556893e+01    5.6716332384e-01    6.3030908570e+01    6.3000000000e+01    0.0000000000e+00   -1.0531085419e+01    9.8448135962e-01    1.0000000000e+00
       143   -1.0669296883e+01    6.8760105979e-01    6.3034579414e+01    6.3000000000e+01    0.0000000000e+00   -1.0531895850e+01    9.9821325444e-01    1.0000000000e+00
       144   -1.0510820421e+01    4.5516131887e-01    6.3017387378e+01    6.3000000000e+01    0.0000000000e+00   -1.0533253483e+01    9.8967154676e-01    1.0000000000e+00
       145   -1.0516765627e+01    6.6641258918e-01    6.2993792986e+01    6.3000000000e+01    0.0000000000e+00   -1.0532584572e+01    9.9834842056e-01    1.0000000000e+00
       146   -1.0435065667e+01    5.3966516873e-01    6.2982005490e+01    6.3000000000e+01    0.0000000000e+00   -1.0531884140e+01    9.9530947222e-01    1.0000000000e+00
       147   -1.0570998343e+01    5.3708139581e-01    6.2990955447e+01    6.3000000000e+01    0.0000000000e+00   -1.0530535502e+01    9.9768730375e-01    1.0000000000e+00
       148   -1.0592159660e+01    4.5499609381e-01    6.3015541695e+01    6.3000000000e+01    0.0000000000e+00   -1.0530926869e+01    9.9579684300e-01    1.0000000000e+00
       149   -1.0649608479e+01    7.7695573198e-01    6.3027590744e+01    6.3000000000e+01    0.0000000000e+00   -1.0531775095e+01    9.8189488352e-01    1.0000000000e+00
       150   -1.0573056479e+01    1.3662026548e+00    6.3023967095e+01    6.3000000000e+01    0.0000000000e+00   -1.0532989602e+01    9.9610510548e-01    1.0000000000e+00
       151   -1.0592444759e+01    3.5416587919e-01    6.3014932583e+01    6.3000000000e+01    0.0000000000e+00   -1.0533177219e+01    1.0000000000e+00    1.0000000000e+00
       152   -1.0615129960e+01    3.0045724387e-01    6.3021751736e+01    6.3000000000e+01    0.0000000000e+00   -1.0533464246e+01    1.0000000000e+00    1.0000000000e+00
       153   -1.0644388622e+01    2.9784710236e-01    6.3029773745e+01    6.3000000000e+01    0.0000000000e+00   -1.0534214731e+01    1.0000000000e+00    1.0000000000e+00
       154   -1.0635225825e+01    4.7759322664e-01    6.3032585594e+01    6.3000000000e+01    0.0000000000e+00   -1.0535253269e+01    1.0000000000e+00    1.0000000000e+00
       155   -1.0628286923e+01    4.5702814370e-01    6.3029733715e+01    6.3000000000e+01    0.0000000000e+00   -1.0536104515e+01    9.9455653719e-01    1.0000000000e+00
       156   -1.0568817868e+01    3.7176559394e-01    6.3019063683e+01    6.3000000000e+01    0.0000000000e+00   -1.0536785224e+01    9.9524183007e-01    1.0000000000e+00
       157   -1.0567186779e+01    2.6459970756e-01    6.3009535740e+01    6.3000000000e+01    0.0000000000e+00   -1.0536772523e+01    9.9592115232e-01    1.0000000000e+00
       158   -1.0641685156e+01    3.1631762642e-01    6.3021050355e+01    6.3000000000e+01    0.0000000000e+00   -1.0536759917e+01    1.0000000000e+00    1.0000000000e+00
       159   -1.0607215110e+01    2.3204066701e-01    6.3027027489e+01    6.3000000000e+01    0.0000000000e+00   -1.0537762169e+01    9.9756209330e-01    1.0000000000e+00
       160   -1.0586945230e+01    2.3902277369e-01    6.3018273763e+01    6.3000000000e+01    0.0000000000e+00   -1.0538348269e+01    1.0000000000e+00    1.0000000000e+00
       161   -1.0578657070e+01    2.5283597652e-01    6.3013737546e+01    6.3000000000e+01    0.0000000000e+00   -1.0538509168e+01    9.8950743713e-01    1.0000000000e+00
       162   -1.0542497818e+01    2.1177660051e-01    6.3006712650e+01    6.3000000000e+01    0.0000000000e+00   -1.0538657625e+01    9.9812782188e-01    1.0000000000e+00
       163   -1.0567107085e+01    2.9553946014e-01    6.3004969002e+01    6.3000000000e+01    0.0000000000e+00   -1.0538442685e+01    1.0000000000e+00    1.0000000000e+00
       164   -1.0562878787e+01    2.2525512045e-01    6.3008134423e+01    6.3000000000e+01    0.0000000000e+00   -1.0538529244e+01    9.9520626469e-01    1.0000000000e+00
       165   -1.0533956591e+01    2.3255838783e-01    6.3002894205e+01    6.3000000000e+01    0.0000000000e+00   -1.0538654962e+01    1.0000000000e+00    1.0000000000e+00
       166   -1.0547338422e+01    2.7100700067e-01    6.3000539592e+01    6.3000000000e+01    0.0000000000e+00   -1.0538396639e+01    9.9330964783e-01    9.8412698413e-01
       167   -1.0550397952e+01    2.5327880321e-01    6.2004200761e+01    6.2000000000e+01    0.0000000000e+00   -1.0538301482e+01    9.9920038111e-01    1.0000000000e+00
       168   -1.0486072622e+01    2.3556730332e-01    6.1998557814e+01    6.2000000000e+01    0.0000000000e+00   -1.0522329452e+01    1.0000000000e+00    1.0000000000e+00
       169   -1.0531076611e+01    2.4994586715e-01    6.1995793305e+01    6.2000000000e+01    0.0000000000e+00   -1.0521667533e+01    1.0000000000e+00    1.0000000000e+00
       170   -1.0453788912e+01    2.0446473304e-01    6.1990874507e+01    6.2000000000e+01    0.0000000000e+00   -1.0521436585e+01    1.0000000000e+00    1.0000000000e+00
       171   -1.0414113730e+01    3.9111363105e-01    6.1973065911e+01    6.2000000000e+01    0.0000000000e+00   -1.0520535223e+01    1.0000000000e+00    1.0000000000e+00
       172   -1.0412011719e+01    3.1345340176e-01    6.1967011830e+01    6.2000000000e+01    0.0000000000e+00   -1.0519114155e+01    1.0000000000e+00    1.0000000000e+00
       173   -1.0438934006e+01    3.6705210847e-01    6.1971207080e+01    6.2000000000e+01    0.0000000000e+00   -1.0517884057e+01    9.9839686540e-01    1.0000000000e+00
       174   -1.0420633587e+01    3.7655358667e-01    6.1972774112e+01    6.2000000000e+01    0.0000000000e+00   -1.0517054733e+01    9.8987186724e-01    1.0000000000e+00
       175   -1.0433469118e+01    3.5319003965e-01    6.1972235778e+01    6.2000000000e+01    0.0000000000e+00   -1.0516050944e+01    1.0000000000e+00    9.8387096774e-01
       176   -1.0475939636e+01    3.8970873202e-01    6.0985144382e+01    6.1000000000e+01    0.0000000000e+00   -1.0515131386e+01    9.9784336585e-01    1.0000000000e+00
       177   -1.0429527270e+01    5.1648499013e-01    6.0985805656e+01    6.1000000000e+01    0.0000000000e+00   -1.0498513098e+01    9.9044843090e-01    1.0000000000e+00
       178   -1.0444132716e+01    5.0911129009e-01    6.0981182768e+01    6.1000000000e+01    0.0000000000e+00   -1.0497608015e+01    1.0000000000e+00    1.0000000000e+00
       179   -1.0516621669e+01    3.2614217746e-01    6.0994698791e+01    6.1000000000e+01    0.0000000000e+00   -1.0496743703e+01    9.9204350993e-01    1.0000000000e+00
       180   -1.0491586502e+01    4.3481521788e-01    6.1001966561e+01    6.1000000000e+01    0.0000000000e+00   -1.0496746554e+01    9.9775469042e-01    1.0000000000e+00
       181   -1.0381497381e+01    5.1708954825e-01    6.0981475609e+01    6.1000000000e+01    0.0000000000e+00   -1.0496459165e+01    9.9764494309e-01    1.0000000000e+00
       182   -1.0413115859e+01    4.3760189383e-01    6.0970009935e+01    6.1000000000e+01    0.0000000000e+00   -1.0494888818e+01    9.8526465003e-01    1.0000000000e+00
       183   -1.0421359751e+01    3.7709598169e-01    6.0976426869e+01    6.1000000000e+01    0.0000000000e+00   -1.0493722692e+01    9.9834571771e-01    1.0000000000e+00
       184   -1.0395803211e+01    5.7285523873e-01    6.0974082233e+01    6.1000000000e+01    0.0000000000e+00   -1.0492925964e+01    1.0000000000e+00    1.0000000000e+00
       185   -1.0427408283e+01    2.5614817218e-01    6.0975308733e+01    6.1000000000e+01    0.0000000000e+00   -1.0491809597e+01    1.0000000000e+00    1.0000000000e+00
       186   -1.0479443445e+01    2.3820861922e-01    6.0988367093e+01    6.1000000000e+01    0.0000000000e+00   -1.0491000039e+01    1.0000000000e+00    1.0000000000e+00
       187   -1.0479112526e+01    2.1689941510e-01    6.0996356766e+01    6.1000000000e+01    0.0000000000e+00   -1.0490776432e+01    1.0000000000e+00    1.0000000000e+00
       188   -1.0476134464e+01    2.1969958144e-01    6.0995934914e+01    6.1000000000e+01    0.0000000000e+00   -1.0490473631e+01    9.9601191118e-01    1.0000000000e+00
       189   -1.0448772162e+01    1.5000910206e-01    6.0991483622e+01    6.1000000000e+01    0.0000000000e+00   -1.0490017735e+01    9.9724076804e-01    1.0000000000e+00
       190   -1.0444288524e+01    1.4171262108e-01    6.0986883322e+01    6.1000000000e+01    0.0000000000e+00   -1.0489306746e+01    9.9882595008e-01    1.0000000000e+00
       191   -1.0501151712e+01    2.2022330924e-01    6.0995072344e+01    6.1000000000e+01    0.0000000000e+00   -1.0488570558e+01    9.9509491406e-01    1.0000000000e+00
       192   -1.0489802759e+01    1.7616493010e-01    6.1002016717e+01    6.1000000000e+01    0.0000000000e+00   -1.0488453816e+01    1.0000000000e+00    1.0000000000e+00
       193   -1.0467166758e+01    1.6879123166e-01    6.0996912374e+01    6.1000000000e+01    0.0000000000e+00   -1.0488240801e+01    9.9761937080e-01    1.0000000000e+00
       194   -1.0442843352e+01    1.5197559921e-01    6.0989951662e+01    6.1000000000e+01    0.0000000000e+00   -1.0487677607e+01    9.9702756114e-01    1.0000000000e+00
       195   -1.0466875459e+01    1.8744617620e-01    6.0990144543e+01    6.1000000000e+01    0.0000000000e+00   -1.0486922836e+01    1.0000000000e+00    1.0000000000e+00
       196   -1.0485587479e+01    2.0020881864e-01    6.0996764953e+01    6.1000000000e+01    0.0000000000e+00   -1.0486458729e+01    1.0000000000e+00    9.8360655738e-01
       197   -1.0515419181e+01    1.6735946059e-01    6.1007772733e+01    6.1000000000e+01    0.0000000000e+00   -1.0486233652e+01    9.9139069488e-01    9.8360655738e-01
       198   -1.0486245245e+01    2.0308670527e-01    6.0006973981e+01    6.0000000000e+01    0.0000000000e+00   -1.0486286556e+01    1.0000000000e+00    1.0000000000e+00
       199   -1.0465253519e+01    2.0189894167e-01    6.0001769185e+01    6.0000000000e+01    0.0000000000e+00   -1.0469424435e+01    9.9570553468e-01    1.0000000000e+00
       200   -1.0484241626e+01    2.6640271421e-01    6.0001606941e+01    6.0000000000e+01    0.0000000000e+00   -1.0468880406e+01    9.9697898717e-01    1.0000000000e+00
       201   -1.0522315609e+01    2.4500338233e-01    6.0010217967e+01    6.0000000000e+01    0.0000000000e+00   -1.0468552220e+01    1.0000000000e+00    1.0000000000e+00
       202   -1.0505342036e+01    2.0553119667e-01    6.0013351837e+01    6.0000000000e+01    0.0000000000e+00   -1.0468625010e+01    9.9080501673e-01    1.0000000000e+00
       203   -1.0498964142e+01    2.2955922002e-01    6.0009915006e+01    6.0000000000e+01    0.0000000000e+00   -1.0468496504e+01    9.9054611020e-01    1.0000000000e+00
       204   -1.0536395936e+01    2.2987526508e-01    6.0014643476e+01    6.0000000000e+01    0.0000000000e+00   -1.0468219440e+01    9.9734354794e-01    1.0000000000e+00
       205   -1.0546056994e+01    3.4408187602e-01    6.0021623635e+01    6.0000000000e+01    0.0000000000e+00   -1.0468322769e+01    9.9639167442e-01    1.0000000000e+00
       206   -1.0458712986e+01    2.5359538340e-01    6.0009936482e+01    6.0000000000e+01    0.0000000000e+00   -1.0468525222e+01    1.0000000000e+00    1.0000000000e+00
       207   -1.0457247281e+01    2.8739185895e-01    5.9996883542e+01    6.0000000000e+01    0.0000000000e+00   -1.0467859210e+01    1.0000000000e+00    1.0000000000e+00
       208   -1.0439584997e+01    3.2200984354e-01    5.9994196985e+01    6.0000000000e+01    0.0000000000e+00   -1.0467167086e+01    1.0000000000e+00    1.0000000000e+00
       209   -1.0414607890e+01    3.5146989376e-01    5.9987975940e+01    6.0000000000e+01    0.0000000000e+00   -1.0466542605e+01    9.9600594169e-01    1.0000000000e+00
       210   -1.0435881716e+01    4.1118105053e-01    5.9987645526e+01    6.0000000000e+01    0.0000000000e+00   -1.0465710343e+01    9.9290008341e-01    1.0000000000e+00
       211   -1.0529634057e+01    5.1513358926e-01    6.0004978113e+01    6.0000000000e+01    0.0000000000e+00   -1.0465117459e+01    9.8922276957e-01    1.0000000000e+00
       212   -1.0485628369e+01    4.3871286289e-01    6.0012296406e+01    6.0000000000e+01    0.0000000000e+00   -1.0465404947e+01    1.0000000000e+00    1.0000000000e+00
       213   -1.0507890745e+01    3.5905815747e-01    6.0009115348e+01    6.0000000000e+01    0.0000000000e+00   -1.0465255538e+01    9.9735115237e-01    1.0000000000e+00
       214   -1.0467704738e+01    3.5377474369e-01    6.0006531533e+01    6.0000000000e+01    0.0000000000e+00   -1.0465070223e+01    1.0000000000e+00    9.8333333333e-01
       215   -1.0566501847e+01    3.2716083796e-01    5.9015267746e+01    5.9000000000e+01    0.0000000000e+00   -1.0464652910e+01    9.9462251908e-01    1.0000000000e+00
       216   -1.0553180247e+01    3.4432651168e-01    5.9032600373e+01    5.9000000000e+01    0.0000000000e+00   -1.0448221098e+01    9.9758528264e-01    1.0000000000e+00
       217   -1.0509820615e+01    5.4713280073e-01    5.9024094285e+01    5.9000000000e+01    0.0000000000e+00   -1.0448657699e+01    9.9630300122e-01    1.0000000000e+00
       218   -1.0540521588e+01    3.7969082025e-01    5.9022273081e+01    5.9000000000e+01    0.0000000000e+00   -1.0448396750e+01    1.0000000000e+00    1.0000000000e+00
       219   -1.0460985812e+01    3.8558836732e-01    5.9015126414e+01    5.9000000000e+01    0.0000000000e+00   -1.0448432093e+01    9.9645501404e-01    1.0000000000e+00
       220   -1.0543662114e+01    1.8713320218e-01    5.9015796254e+01    5.9000000000e+01    0.0000000000e+00   -1.0447908563e+01    1.0000000000e+00    1.0000000000e+00
       221   -1.0516733807e+01    2.1811326985e-01    5.9024025047e+01    5.9000000000e+01    0.0000000000e+00   -1.0448005669e+01    9.9746442016e-01    1.0000000000e+00
       222   -1.0542555948e+01    3.1166921558e-01    5.9023838575e+01    5.9000000000e+01    0.0000000000e+00   -1.0448073292e+01    9.9732122444e-01    9.8305084746e-01
       223   -1.0571611951e+01    2.7510696073e-01    5.8032737534e+01    5.8000000000e+01    0.0000000000e+00   -1.0448148423e+01    1.0000000000e+00    1.0000000000e+00
       224   -1.0589198248e+01    2.3014628211e-01    5.8042889214e+01    5.8000000000e+01    0.0000000000e+00   -1.0431458687e+01    1.0000000000e+00    1.0000000000e+00
       225   -1.0608766647e+01    2.1083881969e-01    5.8048141387e+01    5.8000000000e+01    0.0000000000e+00   -1.0431975680e+01    9.9381974040e-01    1.0000000000e+00
       226   -1.0596645529e+01    3.6874710795e-01    5.8049049785e+01    5.8000000000e+01    0.0000000000e+00   -1.0432515540e+01    9.9830481112e-01    1.0000000000e+00
       227   -1.0622891316e+01    3.6902464941e-01    5.8050932453e+01    5.8000000000e+01    0.0000000000e+00   -1.0432907005e+01    9.9337996639e-01    1.0000000000e+00
       228   -1.0631777009e+01    2.6058274738e-01    5.9057568535e+01    5.9000000000e+01    0.0000000000e+00   -1.0433458480e+01    1.0000000000e+00    1.0000000000e+00
       229   -1.0689589913e+01    3.3133033605e-01    5.9061423405e+01    5.9000000000e+01    0.0000000000e+00   -1.0451213299e+01    9.8553589209e-01    1.0000000000e+00
       230   -1.0723353366e+01    3.8727294387e-01    5.9074605609e+01    5.9000000000e+01    0.0000000000e+00   -1.0452156382e+01    1.0000000000e+00    1.0000000000e+00
       231   -1.0707167223e+01    3.7141338731e-01    5.9076789537e+01    5.9000000000e+01    0.0000000000e+00   -1.0453434203e+01    9.9707341587e-01    1.0000000000e+00
       232   -1.0675138620e+01    3.9417102019e-01    5.9069392669e+01    5.9000000000e+01    0.0000000000e+00   -1.0454425298e+01    1.0000000000e+00    1.0000000000e+00
       233   -1.0672325010e+01    3.4129048058e-01    5.9064078092e+01    5.9000000000e+01    0.0000000000e+00   -1.0455068762e+01    9.9365157317e-01    1.0000000000e+00
       234   -1.0686002001e+01    3.3112516572e-01    6.0068005475e+01    6.0000000000e+01    0.0000000000e+00   -1.0455723820e+01    9.8882255859e-01    1.0000000000e+00
       235   -1.0689263678e+01    3.4921668883e-01    6.0063860811e+01    6.0000000000e+01    0.0000000000e+00   -1.0473389149e+01    1.0000000000e+00    1.0000000000e+00
       236   -1.0715610099e+01    3.9075785721e-01    6.0068061655e+01    6.0000000000e+01    0.0000000000e+00   -1.0474139872e+01    9.9773312653e-01    1.0000000000e+00
       237   -1.0598398530e+01    4.4720588755e-01    6.0054134817e+01    6.0000000000e+01    0.0000000000e+00   -1.0475161656e+01    9.7853085828e-01    9.8333333333e-01
       238   -1.0651642247e+01    3.8244220411e-01    5.9046720461e+01    5.9000000000e+01    0.0000000000e+00   -1.0475248034e+01    9.9321994862e-01    1.0000000000e+00
       239   -1.0739570091e+01    5.4606756349e-01    5.9069344779e+01    5.9000000000e+01    0.0000000000e+00   -1.0458927235e+01    9.8168846769e-01    1.0000000000e+00
       240   -1.0814696776e+01    6.6585566490e-01    6.1108335057e+01    6.1000000000e+01    0.0000000000e+00   -1.0460363420e+01    1.0000000000e+00    1.0000000000e+00
       241   -1.0761860539e+01    4.4154949380e-01    6.1088541941e+01    6.1000000000e+01    0.0000000000e+00   -1.0495735010e+01    9.9783489261e-01    1.0000000000e+00
       242   -1.0707389552e+01    3.5128287213e-01    6.1072098789e+01    6.1000000000e+01    0.0000000000e+00   -1.0496556320e+01    1.0000000000e+00    1.0000000000e+00
       243   -1.0643338244e+01    3.8737780653e-01    6.2057878604e+01    6.2000000000e+01    0.0000000000e+00   -1.0497138277e+01    9.9323509366e-01    1.0000000000e+00
       244   -1.0655198595e+01    3.3334475782e-01    6.2041653674e+01    6.2000000000e+01    0.0000000000e+00   -1.0513662866e+01    9.9621723969e-01    1.0000000000e+00
       245   -1.0633481315e+01    4.0106325151e-01    6.2040028615e+01    6.2000000000e+01    0.0000000000e+00   -1.0513969179e+01    1.0000000000e+00    1.0000000000e+00
       246   -1.0582255148e+01    3.7418032841e-01    6.2028614852e+01    6.2000000000e+01    0.0000000000e+00   -1.0514394185e+01    9.9530387080e-01    1.0000000000e+00
       247   -1.0578825774e+01    4.0133577218e-01    6.2020158629e+01    6.2000000000e+01    0.0000000000e+00   -1.0514396781e+01    9.9723489554e-01    1.0000000000e+00
       248   -1.0581862157e+01    3.2039795637e-01    6.2020106158e+01    6.2000000000e+01    0.0000000000e+00   -1.0514427826e+01    9.9589752406e-01    1.0000000000e+00
       249   -1.0619549853e+01    3.6841142967e-01    6.2026353151e+01    6.2000000000e+01    0.0000000000e+00   -1.0514607938e+01    9.9691007731e-01    1.0000000000e+00
       250   -1.0537017201e+01    4.7528615437e-01    6.2019253163e+01    6.2000000000e+01    0.0000000000e+00   -1.0515076246e+01    9.9673417023e-01    1.0000000000e+00
       251   -1.0523474436e+01    3.9328815726e-01    6.2004441967e+01    6.2000000000e+01    0.0000000000e+00   -1.0514915092e+01    9.9178508561e-01    1.0000000000e+00
       252   -1.0560363074e+01    2.8720225857e-01    6.2008177477e+01    6.2000000000e+01    0.0000000000e+00   -1.0514562985e+01    9.9712461703e-01    1.0000000000e+00
       253   -1.0512171303e+01    2.3925911447e-01    6.2006456329e+01    6.2000000000e+01    0.0000000000e+00   -1.0514692801e+01    9.9523033055e-01    1.0000000000e+00
       254   -1.0537810195e+01    2.4796251438e-01    6.2003073786e+01    6.2000000000e+01    0.0000000000e+00   -1.0514497699e+01    1.0000000000e+00    1.0000000000e+00
       255   -1.0520356890e+01    2.1349881840e-01    6.2004368127e+01    6.2000000000e+01    0.0000000000e+00   -1.0514402502e+01    1.0000000000e+00    1.0000000000e+00
       256   -1.0512099564e+01    2.5032374321e-01    6.2000441123e+01    6.2000000000e+01    0.0000000000e+00   -1.0514298403e+01    9.9803596620e-01    1.0000000000e+00
       257   -1.0483048733e+01    2.2859397156e-01    6.1994741520e+01    6.2000000000e+01    0.0000000000e+00   -1.0514071409e+01    1.0000000000e+00    1.0000000000e+00
       258   -1.0430181685e+01    3.1112336435e-01    6.1982191683e+01    6.2000000000e+01    0.0000000000e+00   -1.0513677725e+01    1.0000000000e+00    1.0000000000e+00
       259   -1.0412766226e+01    2.6448685641e-01    6.1971550594e+01    6.2000000000e+01    0.0000000000e+00   -1.0512923455e+01    1.0000000000e+00    1.0000000000e+00
       260   -1.0440064084e+01    2.3001432834e-01    6.2973549234e+01    6.3000000000e+01    0.0000000000e+00   -1.0512122269e+01    9.9786967260e-01    1.0000000000e+00
       261   -1.0479954512e+01    2.3098038546e-01    6.2978588528e+01    6.3000000000e+01    0.0000000000e+00   -1.0527667484e+01    9.9084272232e-01    1.0000000000e+00
       262   -1.0526693827e+01    5.4168354991e-01    6.2992201429e+01    6.3000000000e+01    0.0000000000e+00   -1.0527446177e+01    9.9566950418e-01    1.0000000000e+00
       263   -1.0438747288e+01    3.0680848571e-01    6.2985639964e+01    6.3000000000e+01    0.0000000000e+00   -1.0527583240e+01    9.9772201586e-01    1.0000000000e+00
       264   -1.0479390578e+01    3.4397156798e-01    6.2978421717e+01    6.3000000000e+01    0.0000000000e+00   -1.0526989782e+01    1.0000000000e+00    9.8412698413e-01
       265   -1.0475540505e+01    2.9864116264e-01    6.1985970054e+01    6.2000000000e+01    0.0000000000e+00   -1.0526579474e+01    9.9277615393e-01    1.0000000000e+00
       266   -1.0487885436e+01    3.3150394149e-01    6.1990917388e+01    6.2000000000e+01    0.0000000000e+00   -1.0510384602e+01    1.0000000000e+00    1.0000000000e+00
       267   -1.0505676862e+01    3.0937518940e-01    6.1995619136e+01    6.2000000000e+01    0.0000000000e+00   -1.0510213379e+01    1.0000000000e+00    1.0000000000e+00
       268   -1.0509209487e+01    3.2177097137e-01    6.1998943192e+01    6.2000000000e+01    0.0000000000e+00   -1.0510122104e+01    9.9231937063e-01    1.0000000000e+00
       269   -1.0487048505e+01    3.0304683686e-01    6.1996099255e+01    6.2000000000e+01    0.0000000000e+00   -1.0510026259e+01    1.0000000000e+00    1.0000000000e+00
       270   -1.0520737448e+01    3.4354806607e-01    6.1997968403e+01    6.2000000000e+01    0.0000000000e+00   -1.0509731553e+01    9.9523133637e-01    1.0000000000e+00
       271   -1.0512193119e+01    2.7610873256e-01    6.3003832840e+01    6.3000000000e+01    0.0000000000e+00   -1.0509667559e+01    1.0000000000e+00    9.8412698413e-01
       272   -1.0585180448e+01    3.9247249049e-01    6.2010251921e+01    6.2000000000e+01    0.0000000000e+00   -1.0525629722e+01    1.0000000000e+00    1.0000000000e+00
       273   -1.0479592412e+01    3.0106628680e-01    6.2006708555e+01    6.2000000000e+01    0.0000000000e+00   -1.0509930579e+01    1.0000000000e+00    1.0000000000e+00
       274   -1.0466746072e+01    2.7723929472e-01    6.1988522363e+01    6.2000000000e+01    0.0000000000e+00   -1.0509597001e+01    9.9758354718e-01    1.0000000000e+00
       275   -1.0421959588e+01    3.2350558804e-01    6.1979826508e+01    6.2000000000e+01    0.0000000000e+00   -1.0508972591e+01    9.9389352561e-01    1.0000000000e+00
       276   -1.0435300527e+01    2.7798548839e-01    6.1975169852e+01    6.2000000000e+01    0.0000000000e+00   -1.0508305986e+01    1.0000000000e+00    1.0000000000e+00
       277   -1.0398194569e+01    3.3201223295e-01    6.1971661823e+01    6.2000000000e+01    0.0000000000e+00   -1.0507767946e+01    9.9656418094e-01    1.0000000000e+00
       278   -1.0423888513e+01    3.4369412192e-01    6.1970099425e+01    6.2000000000e+01    0.0000000000e+00   -1.0507089750e+01    9.9441767228e-01    1.0000000000e+00
       279   -1.0433190579e+01    2.2129640586e-01    6.1975672224e+01    6.2000000000e+01    0.0000000000e+00   -1.0506560577e+01    9.9765063156e-01    1.0000000000e+00
       280   -1.0401642782e+01    2.2173553463e-01    6.1972406186e+01    6.2000000000e+01    0.0000000000e+00   -1.0506191365e+01    9.9819900438e-01    1.0000000000e+00
       281   -1.0424207111e+01    2.1919372905e-01    6.1971233356e+01    6.2000000000e+01    0.0000000000e+00   -1.0505546934e+01    9.9768291682e-01    1.0000000000e+00
       282   -1.0476180141e+01    2.2024800625e-01    6.1982907036e+01    6.2000000000e+01    0.0000000000e+00   -1.0505038640e+01    9.9190445780e-01    1.0000000000e+00
       283   -1.0496625093e+01    2.5239973663e-01    6.1994117101e+01    6.2000000000e+01    0.0000000000e+00   -1.0504964886e+01    1.0000000000e+00    1.0000000000e+00
       284   -1.0486869878e+01    2.7209637466e-01    6.1995735794e+01    6.2000000000e+01    0.0000000000e+00   -1.0504973230e+01    9.9816779787e-01    1.0000000000e+00
       285   -1.0505998335e+01    2.5633281060e-01    6.1997230584e+01    6.2000000000e+01    0.0000000000e+00   -1.0504786800e+01    1.0000000000e+00    1.0000000000e+00
       286   -1.0540622471e+01    2.4276901344e-01    6.2005585859e+01    6.2000000000e+01    0.0000000000e+00   -1.0504681225e+01    1.0000000000e+00    1.0000000000e+00
       287   -1.0442545198e+01    2.1066514817e-01    6.1995740906e+01    6.2000000000e+01    0.0000000000e+00   -1.0504833486e+01    9.9860710874e-01    1.0000000000e+00
       288   -1.0550660739e+01    1.5934669626e-01    6.1997481903e+01    6.2000000000e+01    0.0000000000e+00   -1.0504279963e+01    1.0000000000e+00    1.0000000000e+00
       289   -1.0543971832e+01    1.6005884091e-01    6.4016481457e+01    6.4000000000e+01    0.0000000000e+00   -1.0504368980e+01    9.9885456499e-01    1.0000000000e+00
       290   -1.0515149208e+01    1.6621247250e-01    6.3997688998e+01    6.4000000000e+01    0.0000000000e+00   -1.0536448340e+01    1.0000000000e+00    1.0000000000e+00
       291   -1.0500967290e+01    3.0628493801e-01    6.3990927825e+01    6.4000000000e+01    0.0000000000e+00   -1.0536067430e+01    9.9921451468e-01    1.0000000000e+00
       292   -1.0506593709e+01    2.9738271660e-01    6.3989598484e+01    6.4000000000e+01    0.0000000000e+00   -1.0535816586e+01    1.0000000000e+00    1.0000000000e+00
       293   -1.0472499469e+01    2.3736288011e-01    6.3985082630e+01    6.4000000000e+01    0.0000000000e+00   -1.0535674970e+01    9.9753631161e-01    1.0000000000e+00
       294   -1.0421150264e+01    3.0099804465e-01    6.3971580377e+01    6.4000000000e+01    0.0000000000e+00   -1.0535344814e+01    1.0000000000e+00    1.0000000000e+00
       295   -1.0425759986e+01    3.1562432820e-01    6.3964323111e+01    6.4000000000e+01    0.0000000000e+00   -1.0534666718e+01    1.0000000000e+00    1.0000000000e+00
       296   -1.0451009124e+01    3.6403908311e-01    6.3969234793e+01    6.4000000000e+01    0.0000000000e+00   -1.0534108751e+01    9.9915674425e-01    1.0000000000e+00
       297   -1.0445928960e+01    3.0801067611e-01    6.3972520049e+01    6.4000000000e+01    0.0000000000e+00   -1.0533846842e+01    9.9798657991e-01    1.0000000000e+00
       298   -1.0437008565e+01    2.2764984545e-01    6.4970721488e+01    6.5000000000e+01    0.0000000000e+00   -1.0533541751e+01    9.8536329480e-01    1.0000000000e+00
       299   -1.0443298645e+01    2.7809235316e-01    6.4964674091e+01    6.5000000000e+01    0.0000000000e+00   -1.0548635456e+01    1.0000000000e+00    1.0000000000e+00
       300   -1.0473207664e+01    2.7234739921e-01    6.4970674219e+01    6.5000000000e+01    0.0000000000e+00   -1.0548181240e+01    1.0000000000e+00    1.0000000000e+00
       301   -1.0442145545e+01    3.0505456296e-01    6.4970524761e+01    6.5000000000e+01    0.0000000000e+00   -1.0548034500e+01    9.9727242865e-01    1.0000000000e+00
       302   -1.0432490568e+01    4.2236159127e-01    6.4964007343e+01    6.5000000000e+01    0.0000000000e+00   -1.0547671739e+01    9.9882267361e-01    1.0000000000e+00
       303   -1.0477722464e+01    3.9142005429e-01    6.4969891351e+01    6.5000000000e+01    0.0000000000e+00   -1.0547175648e+01    9.9665471753e-01    1.0000000000e+00
       304   -1.0419709064e+01    2.8049039187e-01    6.4967860255e+01    6.5000000000e+01    0.0000000000e+00   -1.0547051639e+01    9.9487397921e-01    1.0000000000e+00
       305   -1.0466540041e+01    3.1142191389e-01    6.4966265646e+01    6.5000000000e+01    0.0000000000e+00   -1.0546579977e+01    1.0000000000e+00    1.0000000000e+00
       306   -1.0474444888e+01    2.7716487779e-01    6.4975227742e+01    6.5000000000e+01    0.0000000000e+00   -1.0546301408e+01    9.9352626576e-01    1.0000000000e+00
       307   -1.0403327276e+01    5.0105357940e-01    6.4964980080e+01    6.5000000000e+01    0.0000000000e+00   -1.0546218058e+01    1.0000000000e+00    1.0000000000e+00
       308   -1.0467044692e+01    3.4733207596e-01    6.4963969195e+01    6.5000000000e+01    0.0000000000e+00   -1.0545565106e+01    9.9409313643e-01    1.0000000000e+00
       309   -1.0447207042e+01    3.0153365760e-01    6.4971180908e+01    6.5000000000e+01    0.0000000000e+00   -1.0545304158e+01    9.9408341262e-01    1.0000000000e+00
       310   -1.0498500908e+01    2.8221088568e-01    6.4976365894e+01    6.5000000000e+01    0.0000000000e+00   -1.0545095365e+01    9.9662623568e-01    1.0000000000e+00
       311   -1.0454504855e+01    3.4072366860e-01    6.4977580616e+01    6.5000000000e+01    0.0000000000e+00   -1.0545054348e+01    1.0000000000e+00    1.0000000000e+00
       312   -1.0434310042e+01    3.9086542387e-01    6.4967236322e+01    6.5000000000e+01    0.0000000000e+00   -1.0544785222e+01    9.9864852693e-01    1.0000000000e+00
       313   -1.0464135923e+01    3.6386408031e-01    6.4968945147e+01    6.5000000000e+01    0.0000000000e+00   -1.0544263593e+01    9.9140552435e-01    1.0000000000e+00
       314   -1.0477833986e+01    3.1153620547e-01    6.4976062591e+01    6.5000000000e+01    0.0000000000e+00   -1.0544043200e+01    9.9402774868e-01    1.0000000000e+00
       315   -1.0487437985e+01    4.2356196676e-01    6.4979870872e+01    6.5000000000e+01    0.0000000000e+00   -1.0543959602e+01    9.9191692835e-01    1.0000000000e+00
       316   -1.0534819073e+01    4.1607354675e-01    6.4989098916e+01    6.5000000000e+01    0.0000000000e+00   -1.0543862626e+01    9.9849491430e-01    1.0000000000e+00
       317   -1.0469029642e+01    4.6396424617e-01    6.4986032191e+01    6.5000000000e+01    0.0000000000e+00   -1.0544027667e+01    9.8820818800e-01    1.0000000000e+00
       318   -1.0489593326e+01    4.2028176714e-01    6.4978786272e+01    6.5000000000e+01    0.0000000000e+00   -1.0543757859e+01    9.9872294566e-01    1.0000000000e+00
       319   -1.0468616141e+01    4.9190801610e-01    6.5979643381e+01    6.6000000000e+01    0.0000000000e+00   -1.0543501836e+01    1.0000000000e+00    1.0000000000e+00
       320   -1.0434133798e+01    6.8454122892e-01    6.5964336098e+01    6.6000000000e+01    0.0000000000e+00   -1.0558566105e+01    9.9435197332e-01    1.0000000000e+00
       321   -1.0445784012e+01    6.5340199280e-01    6.5960704770e+01    6.6000000000e+01    0.0000000000e+00   -1.0557987328e+01    1.0000000000e+00    1.0000000000e+00
       322   -1.0418370082e+01    5.9428386439e-01    6.5958206317e+01    6.6000000000e+01    0.0000000000e+00   -1.0557630908e+01    9.9548405997e-01    9.8484848485e-01
       323   -1.0442107180e+01    4.0658054209e-01    6.4961046157e+01    6.5000000000e+01    0.0000000000e+00   -1.0557193452e+01    9.9477674649e-01    1.0000000000e+00
       324   -1.0453552091e+01    5.3554837797e-01    6.4969251711e+01    6.5000000000e+01    0.0000000000e+00   -1.0541649919e+01    1.0000000000e+00    1.0000000000e+00
       325   -1.0462373084e+01    5.1442247263e-01    6.5974003847e+01    6.6000000000e+01    0.0000000000e+00   -1.0541510069e+01    1.0000000000e+00    1.0000000000e+00
       326   -1.0489142168e+01    6.0442298746e-01    6.5973012705e+01    6.6000000000e+01    0.0000000000e+00   -1.0556624477e+01    9.9407027719e-01    1.0000000000e+00
       327   -1.0421693172e+01    4.2374407021e-01    6.5966352677e+01    6.6000000000e+01    0.0000000000e+00   -1.0556475502e+01    1.0000000000e+00    1.0000000000e+00
       328   -1.0342505189e+01    5.4207888134e-01    6.5942446086e+01    6.6000000000e+01    0.0000000000e+00   -1.0555998936e+01    9.9614990522e-01    9.8484848485e-01
       329   -1.0388997209e+01    4.2106564239e-01    6.4939591081e+01    6.5000000000e+01    0.0000000000e+00   -1.0554979719e+01    1.0000000000e+00    1.0000000000e+00
       330   -1.0363657389e+01    4.8340813326e-01    6.4946915247e+01    6.5000000000e+01    0.0000000000e+00   -1.0539168845e+01    9.9857616956e-01    1.0000000000e+00
       331   -1.0370409179e+01    6.5346412411e-01    6.4944024821e+01    6.5000000000e+01    0.0000000000e+00   -1.0538708893e+01    1.0000000000e+00    1.0000000000e+00
       332   -1.0472412077e+01    3.3324222989e-01    6.4961803727e+01    6.5000000000e+01    0.0000000000e+00   -1.0538119662e+01    9.9702128420e-01    1.0000000000e+00
       333   -1.0507365723e+01    2.9502867998e-01    6.4984076816e+01    6.5000000000e+01    0.0000000000e+00   -1.0538212941e+01    9.9723258315e-01    1.0000000000e+00
       334   -1.0513234743e+01    2.8445033566e-01    6.4990645232e+01    6.5000000000e+01    0.0000000000e+00   -1.0538499652e+01    9.8744537292e-01    1.0000000000e+00
       335   -1.0529124709e+01    2.2595240445e-01    6.5995157947e+01    6.6000000000e+01    0.0000000000e+00   -1.0538565616e+01    9.9841174105e-01    1.0000000000e+00
       336   -1.0503176279e+01    2.5056921603e-01    6.5987389008e+01    6.6000000000e+01    0.0000000000e+00   -1.0553924348e+01    9.9498545676e-01    1.0000000000e+00
       337   -1.0547830808e+01    2.6033067629e-01    6.5990531399e+01    6.6000000000e+01    0.0000000000e+00   -1.0553736761e+01    9.8786206038e-01    9.8484848485e-01
       338   -1.0575313266e+01    1.9944046512e-01    6.5007651049e+01    6.5000000000e+01    0.0000000000e+00   -1.0553870057e+01    9.9467165362e-01    1.0000000000e+00
       339   -1.0588016112e+01    2.4644684827e-01    6.5013656290e+01    6.5000000000e+01    0.0000000000e+00   -1.0539043938e+01    9.9628222237e-01    1.0000000000e+00
       340   -1.0600610549e+01    2.4633297723e-01    6.5017642866e+01    6.5000000000e+01    0.0000000000e+00   -1.0539359050e+01    9.8870837523e-01    1.0000000000e+00
       341   -1.0642645385e+01    3.6771814057e-01    6.5026343377e+01    6.5000000000e+01    0.0000000000e+00   -1.0539684854e+01    9.9319554363e-01    1.0000000000e+00
       342   -1.0600533795e+01    1.9769633449e-01    6.5026151002e+01    6.5000000000e+01    0.0000000000e+00   -1.0540225293e+01    9.9675482617e-01    1.0000000000e+00
       343   -1.0569082538e+01    2.0661282455e-01    6.5014188168e+01    6.5000000000e+01    0.0000000000e+00   -1.0540482464e+01    1.0000000000e+00    1.0000000000e+00
       344   -1.0633939917e+01    2.4309187584e-01    6.5019623613e+01    6.5000000000e+01    0.0000000000e+00   -1.0540449860e+01    9.9483192008e-01    1.0000000000e+00
       345   -1.0574094730e+01    2.9230772163e-01    6.5020283591e+01    6.5000000000e+01    0.0000000000e+00   -1.0540903673e+01    9.9382071725e-01    1.0000000000e+00
       346   -1.0599905655e+01    2.3511155319e-01    6.5014679680e+01    6.5000000000e+01    0.0000000000e+00   -1.0541079354e+01    9.9818882626e-01    1.0000000000e+00
       347   -1.0564763860e+01    2.9880745378e-01    6.5013123504e+01    6.5000000000e+01    0.0000000000e+00   -1.0541244484e+01    9.9178544995e-01    1.0000000000e+00
       348   -1.0514282952e+01    3.6008077327e-01    6.4999188111e+01    6.5000000000e+01    0.0000000000e+00   -1.0541352258e+01    9.9831827955e-01    1.0000000000e+00
       349   -1.0594840165e+01    2.7483488798e-01    6.5004124359e+01    6.5000000000e+01    0.0000000000e+00   -1.0541099883e+01    9.9468961761e-01    1.0000000000e+00
       350   -1.0533585921e+01    3.1584037980e-01    6.5007168614e+01    6.5000000000e+01    0.0000000000e+00   -1.0541406597e+01    9.9442959515e-01    1.0000000000e+00
       351   -1.0586534201e+01    3.3316702450e-01    6.5005792411e+01    6.5000000000e+01    0.0000000000e+00   -1.0541479165e+01    9.8947849163e-01    1.0000000000e+00
       352   -1.0615639113e+01    2.9656897494e-01    6.5019006806e+01    6.5000000000e+01    0.0000000000e+00   -1.0541658887e+01    9.9951575457e-01    1.0000000000e+00
       353   -1.0548814559e+01    2.7603995954e-01    6.5012770387e+01    6.5000000000e+01    0.0000000000e+00   -1.0542157769e+01    9.9588425719e-01    1.0000000000e+00
       354   -1.0526369567e+01    1.9041907995e-01    6.4998335731e+01    6.5000000000e+01    0.0000000000e+00   -1.0542135707e+01    1.0000000000e+00    1.0000000000e+00
       355   -1.0487493209e+01    1.9580149897e-01    6.4988507221e+01    6.5000000000e+01    0.0000000000e+00   -1.0541913439e+01    1.0000000000e+00    1.0000000000e+00
       356   -1.0558245772e+01    1.9611408206e-01    6.4993776102e+01    6.5000000000e+01    0.0000000000e+00   -1.0541634956e+01    9.9417181632e-01    1.0000000000e+00
       357   -1.0570416247e+01    1.9825152915e-01    6.5007154483e+01    6.5000000000e+01    0.0000000000e+00   -1.0541820060e+01    9.9727431909e-01    1.0000000000e+00
       358   -1.0543026510e+01    1.9670268319e-01    6.5004567916e+01    6.5000000000e+01    0.0000000000e+00   -1.0542168752e+01    9.9697701023e-01    1.0000000000e+00
       359   -1.0555150962e+01    2.4039794410e-01    6.5002085878e+01    6.5000000000e+01    0.0000000000e+00   -1.0542182270e+01    1.0000000000e+00    1.0000000000e+00
       360   -1.0621678744e+01    2.4014070417e-01    6.5014793454e+01    6.5000000000e+01    0.0000000000e+00   -1.0542236161e+01    1.0000000000e+00    1.0000000000e+00
       361   -1.0582976745e+01    2.4568184156e-01    6.5019131026e+01    6.5000000000e+01    0.0000000000e+00   -1.0542737035e+01    9.9806839072e-01    1.0000000000e+00
       362   -1.0569434391e+01    1.9976646876e-01    6.5010593225e+01    6.5000000000e+01    0.0000000000e+00   -1.0542983145e+01    1.0000000000e+00    1.0000000000e+00
       363   -1.0579867236e+01    3.2621575836e-01    6.5010083586e+01    6.5000000000e+01    0.0000000000e+00   -1.0542986808e+01    9.9283162678e-01    1.0000000000e+00
       364   -1.0591732174e+01    2.8064086942e-01    6.5013613085e+01    6.5000000000e+01    0.0000000000e+00   -1.0543146317e+01    9.9662290462e-01    1.0000000000e+00
       365   -1.0641665876e+01    3.1500472064e-01    6.5023524858e+01    6.5000000000e+01    0.0000000000e+00   -1.0543404560e+01    9.9931854194e-01    1.0000000000e+00
       366   -1.0635959159e+01    2.5876523421e-01    6.5030531985e+01    6.5000000000e+01    0.0000000000e+00   -1.0543917686e+01    9.9194557530e-01    1.0000000000e+00
       367   -1.0636798043e+01    2.9509080484e-01    6.5029604438e+01    6.5000000000e+01    0.0000000000e+00   -1.0544365845e+01    1.0000000000e+00    1.0000000000e+00
       368   -1.0656611032e+01    2.7117125638e-01    6.5032849436e+01    6.5000000000e+01    0.0000000000e+00   -1.0544692481e+01    9.9011123227e-01    1.0000000000e+00
       369   -1.0637559712e+01    2.6607414510e-01    6.5032820064e+01    6.5000000000e+01    0.0000000000e+00   -1.0545143252e+01    9.9943389391e-01    1.0000000000e+00
       370   -1.0629850971e+01    2.1816787724e-01    6.5028393726e+01    6.5000000000e+01    0.0000000000e+00   -1.0545481631e+01    1.0000000000e+00    1.0000000000e+00
       371   -1.0662755659e+01    3.0901858160e-01    6.5032396083e+01    6.5000000000e+01    0.0000000000e+00   -1.0545726271e+01    1.0000000000e+00    1.0000000000e+00
       372   -1.0620645409e+01    3.1037710544e-01    6.5030734837e+01    6.5000000000e+01    0.0000000000e+00   -1.0546200768e+01    1.0000000000e+00    1.0000000000e+00
       373   -1.0657095810e+01    5.9221212360e-01    6.5029655651e+01    6.5000000000e+01    0.0000000000e+00   -1.0546455245e+01    1.0000000000e+00    1.0000000000e+00
       374   -1.0619405137e+01    5.6063561996e-01    6.5029249286e+01    6.5000000000e+01    0.0000000000e+00   -1.0546829444e+01    9.9630593448e-01    1.0000000000e+00
       375   -1.0604057991e+01    5.3020493519e-01    6.5020517116e+01    6.5000000000e+01    0.0000000000e+00   -1.0547095614e+01    9.9076825320e-01    1.0000000000e+00
       376   -1.0612243431e+01    4.4098614768e-01    6.5019378910e+01    6.5000000000e+01    0.0000000000e+00   -1.0547184994e+01    9.9610626912e-01    1.0000000000e+00
       377   -1.0646804824e+01    3.3089439962e-01    6.5026286383e+01    6.5000000000e+01    0.0000000000e+00   -1.0547414823e+01    1.0000000000e+00    1.0000000000e+00
       378   -1.0626184761e+01    3.9687717012e-01    6.5028438982e+01    6.5000000000e+01    0.0000000000e+00   -1.0547872250e+01    9.9076134155e-01    1.0000000000e+00
       379   -1.0628618403e+01    2.8223772433e-01    6.5025396869e+01    6.5000000000e+01    0.0000000000e+00   -1.0548191739e+01    1.0000000000e+00    1.0000000000e+00
       380   -1.0621066987e+01    2.5566498397e-01    6.5024539200e+01    6.5000000000e+01    0.0000000000e+00   -1.0548436982e+01    9.9153398450e-01    1.0000000000e+00
       381   -1.0577892349e+01    3.0739777489e-01    6.5016250831e+01    6.5000000000e+01    0.0000000000e+00   -1.0548691239e+01    9.9766810048e-01    1.0000000000e+00
       382   -1.0553099702e+01    2.1505935994e-01    6.5005243567e+01    6.5000000000e+01    0.0000000000e+00   -1.0548699557e+01    9.9642180229e-01    1.0000000000e+00
       383   -1.0520110271e+01    3.4045396153e-01    6.4995916965e+01    6.5000000000e+01    0.0000000000e+00   -1.0548590766e+01    9.9283184138e-01    1.0000000000e+00
       384   -1.0592747974e+01    3.0155644427e-01    6.5002385375e+01    6.5000000000e+01    0.0000000000e+00   -1.0548408671e+01    9.9802946210e-01    1.0000000000e+00
       385   -1.0659905574e+01    3.8946803886e-01    6.5024905158e+01    6.5000000000e+01    0.0000000000e+00   -1.0548686636e+01    1.0000000000e+00    1.0000000000e+00
       386   -1.0586679670e+01    3.0017316108e-01    6.5023676036e+01    6.5000000000e+01    0.0000000000e+00   -1.0549410283e+01    9.9785218901e-01    1.0000000000e+00
       387   -1.0663799654e+01    3.6180268639e-01    6.5024268399e+01    6.5000000000e+01    0.0000000000e+00   -1.0549549115e+01    9.9486038922e-01    1.0000000000e+00
       388   -1.0764933225e+01    8.8385808534e-01    6.5052925600e+01    6.5000000000e+01    0.0000000000e+00   -1.0549943193e+01    1.0000000000e+00    1.0000000000e+00
       389   -1.0671470544e+01    2.8778545490e-01    6.5053790291e+01    6.5000000000e+01    0.0000000000e+00   -1.0551064836e+01    9.9643731418e-01    1.0000000000e+00
       390   -1.0638858787e+01    2.8790364983e-01    6.6036302109e+01    6.6000000000e+01    0.0000000000e+00   -1.0551480257e+01    9.9561017776e-01    1.0000000000e+00
       391   -1.0598246217e+01    2.1582065251e-01    6.6016833762e+01    6.6000000000e+01    0.0000000000e+00   -1.0566774544e+01    1.0000000000e+00    1.0000000000e+00
       392   -1.0613772593e+01    2.1723935577e-01    6.6012769441e+01    6.6000000000e+01    0.0000000000e+00   -1.0566663293e+01    9.9901031527e-01    1.0000000000e+00
       393   -1.0647316872e+01    3.7243471574e-01    6.6020773089e+01    6.6000000000e+01    0.0000000000e+00   -1.0566829528e+01    9.9389343560e-01    1.0000000000e+00
       394   -1.0584170300e+01    2.8308511069e-01    6.6015709804e+01    6.6000000000e+01    0.0000000000e+00   -1.0567274754e+01    1.0000000000e+00    1.0000000000e+00
       395   -1.0653325256e+01    3.8370677097e-01    6.6016687631e+01    6.6000000000e+01    0.0000000000e+00   -1.0567337137e+01    9.9628023210e-01    1.0000000000e+00
       396   -1.0679707560e+01    7.5878105880e-01    6.6032167866e+01    6.6000000000e+01    0.0000000000e+00   -1.0567690093e+01    9.9394570072e-01    9.8484848485e-01
       397   -1.0636420135e+01    5.1617877351e-01    6.5030079199e+01    6.5000000000e+01    0.0000000000e+00   -1.0568336780e+01    9.9210509052e-01    1.0000000000e+00
       398   -1.0642741016e+01    4.0277544305e-01    6.5027541134e+01    6.5000000000e+01    0.0000000000e+00   -1.0553330151e+01    9.9536192448e-01    1.0000000000e+00
       399   -1.0570450138e+01    5.2741051153e-01    6.5016821938e+01    6.5000000000e+01    0.0000000000e+00   -1.0553593063e+01    1.0000000000e+00    1.0000000000e+00
       400   -1.0534581675e+01    3.5580779890e-01    6.4999337590e+01    6.5000000000e+01    0.0000000000e+00   -1.0553521879e+01    9.9789813522e-01    1.0000000000e+00
       401   -1.0424367032e+01    2.5849694468e-01    6.4975861265e+01    6.5000000000e+01    0.0000000000e+00   -1.0553243871e+01    1.0000000000e+00    1.0000000000e+00
       402   -1.0410247242e+01    7.6613516834e-01    6.4955953811e+01    6.5000000000e+01    0.0000000000e+00   -1.0552560517e+01    1.0000000000e+00    1.0000000000e+00
       403   -1.0460897329e+01    2.9003293536e-01    6.4961978801e+01    6.5000000000e+01    0.0000000000e+00   -1.0551893803e+01    9.9433274098e-01    1.0000000000e+00
       404   -1.0526899853e+01    2.4146596264e-01    6.4981043126e+01    6.5000000000e+01    0.0000000000e+00   -1.0551771384e+01    9.9494034010e-01    1.0000000000e+00
       405   -1.0467949405e+01    3.5911809395e-01    6.4982105187e+01    6.5000000000e+01    0.0000000000e+00   -1.0552036775e+01    9.9835957443e-01    1.0000000000e+00
       406   -1.0470627580e+01    2.6189646745e-01    6.4973035272e+01    6.5000000000e+01    0.0000000000e+00   -1.0551859650e+01    9.9467881802e-01    1.0000000000e+00
       407   -1.0551745307e+01    2.6000718609e-01    6.4986729765e+01    6.5000000000e+01    0.0000000000e+00   -1.0551535182e+01    9.9032806575e-01    1.0000000000e+00
       408   -1.0528990010e+01    2.4590133269e-01    6.4996116116e+01    6.5000000000e+01    0.0000000000e+00   -1.0551788667e+01    1.0000000000e+00    1.0000000000e+00
       409   -1.0489167337e+01    3.3964534251e-01    6.5987073363e+01    6.6000000000e+01    0.0000000000e+00   -1.0551912204e+01    1.0000000000e+00    1.0000000000e+00
       410   -1.0518511072e+01    2.4948198764e-01    6.5979032931e+01    6.6000000000e+01    0.0000000000e+00   -1.0566912163e+01    9.9243148298e-01    1.0000000000e+00
       411   -1.0566814974e+01    2.7936531365e-01    6.5991883505e+01    6.6000000000e+01    0.0000000000e+00   -1.0566740929e+01    9.9670301600e-01    9.8484848485e-01
       412   -1.0589870809e+01    2.5967699043e-01    6.5006650982e+01    6.5000000000e+01    0.0000000000e+00   -1.0567020009e+01    9.9801947562e-01    1.0000000000e+00
       413   -1.0614325933e+01    3.0010285614e-01    6.6018411830e+01    6.6000000000e+01    0.0000000000e+00   -1.0552125221e+01    9.9679666013e-01    1.0000000000e+00
       414   -1.0640354203e+01    3.3782756420e-01    6.6019362594e+01    6.6000000000e+01    0.0000000000e+00   -1.0567783060e+01    9.9662899884e-01    1.0000000000e+00
       415   -1.0648723888e+01    3.4427485621e-01    6.6024901122e+01    6.6000000000e+01    0.0000000000e+00   -1.0568081356e+01    9.9398305193e-01    1.0000000000e+00
       416   -1.0650450647e+01    3.6798375965e-01    6.6026421909e+01    6.6000000000e+01    0.0000000000e+00   -1.0568470457e+01    1.0000000000e+00    1.0000000000e+00
       417   -1.0580759522e+01    3.3175562433e-01    6.6015123031e+01    6.6000000000e+01    0.0000000000e+00   -1.0568801744e+01    9.9883639437e-01    1.0000000000e+00
       418   -1.0552948251e+01    3.6329418965e-01    6.5999108399e+01    6.6000000000e+01    0.0000000000e+00   -1.0568747803e+01    9.9598167596e-01    1.0000000000e+00
       419   -1.0578102996e+01    4.1039114674e-01    6.5998722275e+01    6.6000000000e+01    0.0000000000e+00   -1.0568546379e+01    9.8999640930e-01    9.8484848485e-01
       420   -1.0449617189e+01    7.1922074011e-01    6.4983095638e+01    6.5000000000e+01    0.0000000000e+00   -1.0568649487e+01    9.9725587611e-01    9.8461538462e-01
       421   -1.0606674113e+01    2.9981706726e-01    6.3993220791e+01    6.4000000000e+01    0.0000000000e+00   -1.0552903322e+01    9.9398794094e-01    1.0000000000e+00
       422   -1.0565540503e+01    3.2251496081e-01    6.4015170887e+01    6.4000000000e+01    0.0000000000e+00   -1.0537738830e+01    9.9844338165e-01    1.0000000000e+00
       423   -1.0621012401e+01    2.4383347030e-01    6.4017367720e+01    6.4000000000e+01    0.0000000000e+00   -1.0538156029e+01    9.9611966211e-01    1.0000000000e+00
       424   -1.0613782417e+01    3.0634451868e-01    6.4024994687e+01    6.4000000000e+01    0.0000000000e+00   -1.0538412520e+01    9.9525528150e-01    1.0000000000e+00
       425   -1.0609670596e+01    3.7958695122e-01    6.4023055302e+01    6.4000000000e+01    0.0000000000e+00   -1.0538733362e+01    9.9656307085e-01    1.0000000000e+00
       426   -1.0545300259e+01    3.9652805266e-01    6.4012034131e+01    6.4000000000e+01    0.0000000000e+00   -1.0538892772e+01    1.0000000000e+00    1.0000000000e+00
       427   -1.0520465663e+01    2.8850061326e-01    6.3997864741e+01    6.4000000000e+01    0.0000000000e+00   -1.0538738565e+01    9.8801065762e-01    1.0000000000e+00
       428   -1.0475249682e+01    4.6399644843e-01    6.3986783550e+01    6.4000000000e+01    0.0000000000e+00   -1.0538469342e+01    1.0000000000e+00    1.0000000000e+00
       429   -1.0524811608e+01    3.2240699815e-01    6.3987571478e+01    6.4000000000e+01    0.0000000000e+00   -1.0538129283e+01    1.0000000000e+00    1.0000000000e+00
       430   -1.0452801763e+01    4.1502965087e-01    6.3984001442e+01    6.4000000000e+01    0.0000000000e+00   -1.0538106007e+01    9.9626611812e-01    1.0000000000e+00
       431   -1.0487175666e+01    4.3853742951e-01    6.3978074513e+01    6.4000000000e+01    0.0000000000e+00   -1.0537825807e+01    9.9605171302e-01    1.0000000000e+00
       432   -1.0503064392e+01    3.6455916403e-01    6.3986141356e+01    6.4000000000e+01    0.0000000000e+00   -1.0537599925e+01    1.0000000000e+00    1.0000000000e+00
       433   -1.0452094156e+01    3.0011015348e-01    6.3980577320e+01    6.4000000000e+01    0.0000000000e+00   -1.0537634939e+01    1.0000000000e+00    1.0000000000e+00
       434   -1.0385428788e+01    3.8460056750e-01    6.3961945536e+01    6.4000000000e+01    0.0000000000e+00   -1.0537324652e+01    1.0000000000e+00    1.0000000000e+00
       435   -1.0426857585e+01    3.7869280473e-01    6.4959584508e+01    6.5000000000e+01    0.0000000000e+00   -1.0536638076e+01    9.8396170082e-01    1.0000000000e+00
       436   -1.0400095156e+01    3.6968932151e-01    6.4954910902e+01    6.5000000000e+01    0.0000000000e+00   -1.0551829124e+01    9.8308885056e-01    1.0000000000e+00
       437   -1.0453100179e+01    3.8484909701e-01    6.4959294212e+01    6.5000000000e+01    0.0000000000e+00   -1.0551403553e+01    9.9152954866e-01    1.0000000000e+00
       438   -1.0470484238e+01    3.9303555487e-01    6.4970732417e+01    6.5000000000e+01    0.0000000000e+00   -1.0551255845e+01    1.0000000000e+00    9.8461538462e-01
       439   -1.0490429727e+01    3.0356755742e-01    6.3981636987e+01    6.4000000000e+01    0.0000000000e+00   -1.0551262519e+01    9.9850384189e-01    1.0000000000e+00
       440   -1.0445172931e+01    3.4790196148e-01    6.3978071776e+01    6.4000000000e+01    0.0000000000e+00   -1.0535804359e+01    9.9647109062e-01    1.0000000000e+00
       441   -1.0500106877e+01    3.3792325329e-01    6.3979706613e+01    6.4000000000e+01    0.0000000000e+00   -1.0535516107e+01    9.9116655343e-01    1.0000000000e+00
       442   -1.0572300492e+01    3.7164051075e-01    6.4000022444e+01    6.4000000000e+01    0.0000000000e+00   -1.0535450456e+01    9.8485302237e-01    1.0000000000e+00
       443   -1.0534603857e+01    3.2644440393e-01    6.4005348591e+01    6.4000000000e+01    0.0000000000e+00   -1.0535860900e+01    1.0000000000e+00    1.0000000000e+00
       444   -1.0533870096e+01    1.6039547913e-01    6.3999256000e+01    6.4000000000e+01    0.0000000000e+00   -1.0535940928e+01    9.9713505832e-01    1.0000000000e+00
       445   -1.0520944864e+01    2.3063727211e-01    6.3997157495e+01    6.4000000000e+01    0.0000000000e+00   -1.0535840704e+01    1.0000000000e+00    1.0000000000e+00
       446   -1.0601252932e+01    3.2824159190e-01    6.4007910454e+01    6.4000000000e+01    0.0000000000e+00   -1.0535770269e+01    9.9076305197e-01    1.0000000000e+00
       447   -1.0538614640e+01    3.1861937461e-01    6.4010584808e+01    6.4000000000e+01    0.0000000000e+00   -1.0536103109e+01    9.9410178699e-01    1.0000000000e+00
       448   -1.0552370322e+01    2.3575580100e-01    6.4002764983e+01    6.4000000000e+01    0.0000000000e+00   -1.0536151511e+01    9.9911799613e-01    1.0000000000e+00
       449   -1.0544858406e+01    2.6936558940e-01    6.4003809083e+01    6.4000000000e+01    0.0000000000e+00   -1.0536070402e+01    9.9797510911e-01    1.0000000000e+00
       450   -1.0493626991e+01    2.9075994878e-01    6.3994436241e+01    6.4000000000e+01    0.0000000000e+00   -1.0536108793e+01    9.9754316317e-01    1.0000000000e+00
       451   -1.0506213371e+01    2.2054515024e-01    6.3988347734e+01    6.4000000000e+01    0.0000000000e+00   -1.0535856549e+01    9.9767058576e-01    1.0000000000e+00
       452   -1.0503534196e+01    2.1971709818e-01    6.3990006084e+01    6.4000000000e+01    0.0000000000e+00   -1.0535687448e+01    9.9224213832e-01    1.0000000000e+00
       453   -1.0511717192e+01    1.9307074969e-01    6.3990918013e+01    6.4000000000e+01    0.0000000000e+00   -1.0535633127e+01    9.9481531701e-01    1.0000000000e+00
       454   -1.0518381264e+01    2.9266275818e-01    6.3993290634e+01    6.4000000000e+01    0.0000000000e+00   -1.0535587794e+01    9.9505313267e-01    1.0000000000e+00
       455   -1.0550971035e+01    3.3481405891e-01    6.3999521182e+01    6.4000000000e+01    0.0000000000e+00   -1.0535582035e+01    1.0000000000e+00    1.0000000000e+00
       456   -1.0485462823e+01    2.5559942688e-01    6.3994199382e+01    6.4000000000e+01    0.0000000000e+00   -1.0535717039e+01    9.9780772501e-01    1.0000000000e+00
       457   -1.0434857617e+01    4.4861037195e-01    6.3975752158e+01    6.4000000000e+01    0.0000000000e+00   -1.0535510388e+01    9.8943357329e-01    1.0000000000e+00
       458   -1.0442995618e+01    3.7165422928e-01    6.3969128178e+01    6.4000000000e+01    0.0000000000e+00   -1.0534975163e+01    9.9152356395e-01    9.8437500000e-01
       459   -1.0473300061e+01    3.6852236840e-01    6.2976746244e+01    6.3000000000e+01    0.0000000000e+00   -1.0534645803e+01    1.0000000000e+00    1.0000000000e+00
       460   -1.0538371825e+01    4.1285846011e-01    6.2995638078e+01    6.3000000000e+01    0.0000000000e+00   -1.0518859959e+01    9.9951163420e-01    1.0000000000e+00
       461   -1.0517267530e+01    3.4152672442e-01    6.3002451780e+01    6.3000000000e+01    0.0000000000e+00   -1.0519168153e+01    9.9685754577e-01    1.0000000000e+00
       462   -1.0436534730e+01    3.2778728652e-01    6.4991448859e+01    6.5000000000e+01    0.0000000000e+00   -1.0519233304e+01    9.9586595986e-01    1.0000000000e+00
       463   -1.0502530431e+01    2.5764640543e-01    6.4973688913e+01    6.5000000000e+01    0.0000000000e+00   -1.0550077090e+01    1.0000000000e+00    1.0000000000e+00
       464   -1.0514722384e+01    2.1969103622e-01    6.4986499838e+01    6.5000000000e+01    0.0000000000e+00   -1.0549726072e+01    1.0000000000e+00    1.0000000000e+00
       465   -1.0523794963e+01    2.6217540325e-01    6.4989909791e+01    6.5000000000e+01    0.0000000000e+00   -1.0549875261e+01    9.9636070856e-01    1.0000000000e+00
       466   -1.0525802711e+01    2.7169602806e-01    6.4991681570e+01    6.5000000000e+01    0.0000000000e+00   -1.0549901809e+01    1.0000000000e+00    1.0000000000e+00
       467   -1.0557425470e+01    3.4383135771e-01    6.4997098679e+01    6.5000000000e+01    0.0000000000e+00   -1.0549908087e+01    1.0000000000e+00    1.0000000000e+00
       468   -1.0547528145e+01    3.5648337874e-01    6.5000538523e+01    6.5000000000e+01    0.0000000000e+00   -1.0550046204e+01    9.9322558404e-01    1.0000000000e+00
       469   -1.0531562529e+01    2.9213804586e-01    6.4996323591e+01    6.5000000000e+01    0.0000000000e+00   -1.0550130012e+01    9.9234188775e-01    1.0000000000e+00
       470   -1.0544384036e+01    5.7874658820e-01    6.4995803670e+01    6.5000000000e+01    0.0000000000e+00   -1.0550057891e+01    9.9900271431e-01    9.8461538462e-01
       471   -1.0509119149e+01    2.5440687840e-01    6.3994480447e+01    6.4000000000e+01    0.0000000000e+00   -1.0550073108e+01    9.9763515429e-01    1.0000000000e+00
       472   -1.0501841078e+01    3.2380308638e-01    6.3990543984e+01    6.4000000000e+01    0.0000000000e+00   -1.0534486775e+01    9.9537905433e-01    1.0000000000e+00
       473   -1.0538581604e+01    2.8966112924e-01    6.3995283828e+01    6.4000000000e+01    0.0000000000e+00   -1.0534347880e+01    1.0000000000e+00    1.0000000000e+00
       474   -1.0760554739e+01    4.0215814428e+00    6.3995018410e+01    6.4000000000e+01    0.0000000000e+00   -1.0534431585e+01    9.8857679291e-01    1.0000000000e+00
       475   -1.0572565687e+01    3.3797835273e-01    6.4003351885e+01    6.4000000000e+01    0.0000000000e+00   -1.0534959319e+01    9.9505681045e-01    1.0000000000e+00
       476   -1.0550149044e+01    3.2719438975e-01    6.4008104014e+01    6.4000000000e+01    0.0000000000e+00   -1.0535177626e+01    9.9873219671e-01    9.8437500000e-01
       477   -1.0521603299e+01    2.6456023499e-01    6.3003202295e+01    6.3000000000e+01    0.0000000000e+00   -1.0535287056e+01    9.9675867939e-01    1.0000000000e+00
       478   -1.0506401772e+01    3.1560452053e-01    6.2998089881e+01    6.3000000000e+01    0.0000000000e+00   -1.0519431235e+01    9.9447035116e-01    1.0000000000e+00
       479   -1.0551154140e+01    3.1025589822e-01    6.3002764253e+01    6.3000000000e+01    0.0000000000e+00   -1.0519283124e+01    9.9761150725e-01    1.0000000000e+00
       480   -1.0599254593e+01    3.3001303981e-01    6.3017298996e+01    6.3000000000e+01    0.0000000000e+00   -1.0519394744e+01    1.0000000000e+00    1.0000000000e+00
       481   -1.0617826357e+01    3.9031385544e-01    6.3027622032e+01    6.3000000000e+01    0.0000000000e+00   -1.0519774269e+01    1.0000000000e+00    1.0000000000e+00
       482   -1.0473929483e+01    4.7528630262e-01    6.3007798158e+01    6.3000000000e+01    0.0000000000e+00   -1.0520129222e+01    1.0000000000e+00    1.0000000000e+00
       483   -1.0491537111e+01    2.7068363137e-01    6.2988163997e+01    6.3000000000e+01    0.0000000000e+00   -1.0519672591e+01    1.0000000000e+00    1.0000000000e+00
       484   -1.0519609744e+01    2.2594238415e-01    6.2995499116e+01    6.3000000000e+01    0.0000000000e+00   -1.0519260098e+01    9.9472874229e-01    1.0000000000e+00
       485   -1.0575704608e+01    2.4667599964e-01    6.3008723075e+01    6.3000000000e+01    0.0000000000e+00   -1.0519340712e+01    9.9357214807e-01    1.0000000000e+00
       486   -1.0537459691e+01    2.5067931899e-01    6.3011424941e+01    6.3000000000e+01    0.0000000000e+00   -1.0519643601e+01    1.0000000000e+00    1.0000000000e+00
       487   -1.0539058629e+01    2.8024760625e-01    6.3005643513e+01    6.3000000000e+01    0.0000000000e+00   -1.0519691529e+01    1.0000000000e+00    1.0000000000e+00
       488   -1.0592901153e+01    3.3751188488e-01    6.3014354075e+01    6.3000000000e+01    0.0000000000e+00   -1.0519608449e+01    1.0000000000e+00    9.8412698413e-01
       489   -1.0607211818e+01    4.1759782700e-01    6.2029112737e+01    6.2000000000e+01    0.0000000000e+00   -1.0519877974e+01    9.9197334603e-01    1.0000000000e+00
       490   -1.0535107755e+01    2.8364481924e-01    6.2020417936e+01    6.2000000000e+01    0.0000000000e+00   -1.0504282478e+01    9.9271086333e-01    1.0000000000e+00
       491   -1.0507235545e+01    2.4672373359e-01    6.2005065616e+01    6.2000000000e+01    0.0000000000e+00   -1.0504141266e+01    9.9346692641e-01    1.0000000000e+00
       492   -1.0487350838e+01    3.2240276508e-01    6.1997789555e+01    6.2000000000e+01    0.0000000000e+00   -1.0503829615e+01    9.9588656104e-01    1.0000000000e+00
       493   -1.0476516774e+01    3.0190514402e-01    6.1993099758e+01    6.2000000000e+01    0.0000000000e+00   -1.0503603581e+01    1.0000000000e+00    1.0000000000e+00
       494   -1.0514145312e+01    6.3557804624e-01    6.1997229458e+01    6.2000000000e+01    0.0000000000e+00   -1.0503395341e+01    9.8949262034e-01    9.8387096774e-01
       495   -1.0542334881e+01    2.5194121238e-01    6.1009128700e+01    6.1000000000e+01    0.0000000000e+00   -1.0503414516e+01    9.8964209678e-01    1.0000000000e+00
       496   -1.0528033625e+01    2.8741972333e-01    6.1014312722e+01    6.1000000000e+01    0.0000000000e+00   -1.0487364301e+01    9.9452996706e-01    1.0000000000e+00
       497   -1.0555741897e+01    2.8369526863e-01    6.1016361896e+01    6.1000000000e+01    0.0000000000e+00   -1.0487433183e+01    1.0000000000e+00    1.0000000000e+00
       498   -1.0534868175e+01    2.0112714100e-01    6.1017407898e+01    6.1000000000e+01    0.0000000000e+00   -1.0487512603e+01    1.0000000000e+00    1.0000000000e+00
       499   -1.0585413572e+01    2.3340768528e-01    6.1021924433e+01    6.1000000000e+01    0.0000000000e+00   -1.0487528887e+01    1.0000000000e+00    1.0000000000e+00
       500   -1.0523214047e+01    3.2765791073e-01    6.1020081462e+01    6.1000000000e+01    0.0000000000e+00   -1.0487714373e+01    9.9753128435e-01    1.0000000000e+00
       501   -1.0571567034e+01    2.5131973474e-01    6.1017972773e+01    6.1000000000e+01    0.0000000000e+00   -1.0487657231e+01    9.9213699505e-01    1.0000000000e+00
       502   -1.0570764594e+01    2.5754441042e-01    6.1025196033e+01    6.1000000000e+01    0.0000000000e+00   -1.0487702827e+01    1.0000000000e+00    1.0000000000e+00
       503   -1.0491892831e+01    3.2179025856e-01    6.1013019929e+01    6.1000000000e+01    0.0000000000e+00   -1.0487899228e+01    9.9636253591e-01    1.0000000000e+00
       504   -1.0539195992e+01    4.2106260980e-01    6.1008279107e+01    6.1000000000e+01    0.0000000000e+00   -1.0487603641e+01    9.9233163471e-01    1.0000000000e+00
       505   -1.0588697808e+01    2.8123868470e-01    6.1023021831e+01    6.1000000000e+01    0.0000000000e+00   -1.0487534281e+01    1.0000000000e+00    1.0000000000e+00
       506   -1.0558541606e+01    2.2556901923e-01    6.2026981087e+01    6.2000000000e+01    0.0000000000e+00   -1.0487892767e+01    9.7747949502e-01    1.0000000000e+00
       507   -1.0610967271e+01    3.1573856492e-01    6.2024704648e+01    6.2000000000e+01    0.0000000000e+00   -1.0504261401e+01    9.9774793710e-01    1.0000000000e+00
       508   -1.0534829848e+01    3.5436739130e-01    6.2020962467e+01    6.2000000000e+01    0.0000000000e+00   -1.0504389312e+01    9.9701843062e-01    1.0000000000e+00
       509   -1.0536294204e+01    4.2086846530e-01    6.2009387660e+01    6.2000000000e+01    0.0000000000e+00   -1.0504326994e+01    9.9931218126e-01    1.0000000000e+00
       510   -1.0472030302e+01    8.5099657082e-01    6.1999639441e+01    6.2000000000e+01    0.0000000000e+00   -1.0504141559e+01    9.9206582209e-01    1.0000000000e+00
       511   -1.0540147413e+01    2.7911040515e-01    6.2000325668e+01    6.2000000000e+01    0.0000000000e+00   -1.0503846145e+01    1.0000000000e+00    1.0000000000e+00
       512   -1.0527524883e+01    3.0718663039e-01    6.2009029292e+01    6.2000000000e+01    0.0000000000e+00   -1.0503867054e+01    9.9662001847e-01    1.0000000000e+00
       513   -1.0498806996e+01    2.5220366907e-01    6.2002631714e+01    6.2000000000e+01    0.0000000000e+00   -1.0503989961e+01    9.9467210161e-01    1.0000000000e+00
       514   -1.0526895764e+01    2.8572892331e-01    6.2002597608e+01    6.2000000000e+01    0.0000000000e+00   -1.0503807504e+01    1.0000000000e+00    1.0000000000e+00
       515   -1.0535681228e+01    2.0214254505e-01    6.2008323042e+01    6.2000000000e+01    0.0000000000e+00   -1.0503788421e+01    9.9437029168e-01    1.0000000000e+00
       516   -1.0539491425e+01    2.7151935780e-01    6.2010248384e+01    6.2000000000e+01    0.0000000000e+00   -1.0503881157e+01    9.9664831917e-01    1.0000000000e+00
       517   -1.0527871872e+01    2.6920962843e-01    6.2009018286e+01    6.2000000000e+01    0.0000000000e+00   -1.0503920763e+01    9.9686121200e-01    1.0000000000e+00
       518   -1.0549963339e+01    2.3856268307e-01    6.2010640582e+01    6.2000000000e+01    0.0000000000e+00   -1.0503884617e+01    1.0000000000e+00    1.0000000000e+00
       519   -1.0487629696e+01    2.4067888309e-01    6.2004414468e+01    6.2000000000e+01    0.0000000000e+00   -1.0503941644e+01    1.0000000000e+00    1.0000000000e+00
       520   -1.0523414506e+01    2.8099110786e-01    6.2000374821e+01    6.2000000000e+01    0.0000000000e+00   -1.0503739343e+01    1.0000000000e+00    1.0000000000e+00
       521   -1.0515351954e+01    2.9414750016e-01    6.2004668993e+01    6.2000000000e+01    0.0000000000e+00   -1.0503648708e+01    1.0000000000e+00    1.0000000000e+00
       522   -1.0559696447e+01    2.6529179563e-01    6.2010263874e+01    6.2000000000e+01    0.0000000000e+00   -1.0503675509e+01    1.0000000000e+00    1.0000000000e+00
       523   -1.0586387791e+01    4.8072042623e-01    6.2021157067e+01    6.2000000000e+01    0.0000000000e+00   -1.0503817213e+01    1.0000000000e+00    1.0000000000e+00
       524   -1.0611764940e+01    4.4352650143e-01    6.2029062604e+01    6.2000000000e+01    0.0000000000e+00   -1.0504100434e+01    9.9647289090e-01    1.0000000000e+00
       525   -1.0647584825e+01    4.7012194570e-01    6.2038398909e+01    6.2000000000e+01    0.0000000000e+00   -1.0504388432e+01    1.0000000000e+00    1.0000000000e+00
       526   -1.0577124000e+01    3.6235301589e-01    6.2032928675e+01    6.2000000000e+01    0.0000000000e+00   -1.0504774054e+01    1.0000000000e+00    1.0000000000e+00
       527   -1.0617955249e+01    6.3364677055e-01    6.2028332298e+01    6.2000000000e+01    0.0000000000e+00   -1.0504772291e+01    9.9581082177e-01    1.0000000000e+00
       528   -1.0652198487e+01    2.8583226414e-01    6.2039939403e+01    6.2000000000e+01    0.0000000000e+00   -1.0504869668e+01    9.8950354990e-01    1.0000000000e+00
       529   -1.0552204164e+01    2.3815771644e-01    6.2029713128e+01    6.2000000000e+01    0.0000000000e+00   -1.0505299024e+01    9.8845672752e-01    1.0000000000e+00
       530   -1.0599151638e+01    1.8570557103e-01    6.2021622132e+01    6.2000000000e+01    0.0000000000e+00   -1.0505167095e+01    9.9898263149e-01    1.0000000000e+00
       531   -1.0581903683e+01    2.3608484278e-01    6.3027132035e+01    6.3000000000e+01    0.0000000000e+00   -1.0505167033e+01    9.9848125787e-01    1.0000000000e+00
       532   -1.0613720954e+01    3.6104013253e-01    6.3023829764e+01    6.3000000000e+01    0.0000000000e+00   -1.0521343325e+01    9.9925285655e-01    1.0000000000e+00
       533   -1.0612727094e+01    3.7259337901e-01    6.3028577293e+01    6.3000000000e+01    0.0000000000e+00   -1.0521450474e+01    1.0000000000e+00    1.0000000000e+00
       534   -1.0562674786e+01    2.5515822586e-01    6.3020476106e+01    6.3000000000e+01    0.0000000000e+00   -1.0521682631e+01    9.9690164389e-01    1.0000000000e+00
       535   -1.0650678884e+01    3.1706761690e-01    6.3026502753e+01    6.3000000000e+01    0.0000000000e+00   -1.0521607075e+01    9.9759019828e-01    1.0000000000e+00
       536   -1.0643220592e+01    2.5587457545e-01    6.3039057341e+01    6.3000000000e+01    0.0000000000e+00   -1.0521936545e+01    9.9608130664e-01    1.0000000000e+00
       537   -1.0653919173e+01    2.2881539486e-01    6.3039445980e+01    6.3000000000e+01    0.0000000000e+00   -1.0522353290e+01    9.8959549564e-01    1.0000000000e+00
       538   -1.0598948266e+01    2.1021227587e-01    6.4033804676e+01    6.4000000000e+01    0.0000000000e+00   -1.0522598056e+01    9.9527264946e-01    1.0000000000e+00
       539   -1.0546200874e+01    3.4011306057e-01    6.5011665694e+01    6.5000000000e+01    0.0000000000e+00   -1.0538373751e+01    9.9462765635e-01    1.0000000000e+00
       540   -1.0475766644e+01    3.4360911874e-01    6.4985990999e+01    6.5000000000e+01    0.0000000000e+00   -1.0553546387e+01    9.9648336268e-01    1.0000000000e+00
       541   -1.0485691254e+01    2.6343474112e-01    6.4976345541e+01    6.5000000000e+01    0.0000000000e+00   -1.0553024916e+01    1.0000000000e+00    9.8461538462e-01
       542   -1.0436171299e+01    2.4835123627e-01    6.3971771132e+01    6.4000000000e+01    0.0000000000e+00   -1.0552770698e+01    1.0000000000e+00    1.0000000000e+00
       543   -1.0489895780e+01    5.9115111234e-01    6.3976167861e+01    6.4000000000e+01    0.0000000000e+00   -1.0536983520e+01    1.0000000000e+00    1.0000000000e+00
       544   -1.0424307808e+01    4.0880095782e-01    6.3974215134e+01    6.4000000000e+01    0.0000000000e+00   -1.0536956034e+01    9.9678429900e-01    1.0000000000e+00
       545   -1.0486012333e+01    3.2480504285e-01    6.3973693129e+01    6.4000000000e+01    0.0000000000e+00   -1.0536697187e+01    9.9736365236e-01    1.0000000000e+00
       546   -1.0469133780e+01    2.9328500176e-01    6.3980937151e+01    6.4000000000e+01    0.0000000000e+00   -1.0536586027e+01    1.0000000000e+00    1.0000000000e+00
       547   -1.0487866650e+01    3.1615174790e-01    6.3981262709e+01    6.4000000000e+01    0.0000000000e+00   -1.0536562709e+01    9.9402339615e-01    1.0000000000e+00
       548   -1.0444675568e+01    4.1376325913e-01    6.3977377046e+01    6.4000000000e+01    0.0000000000e+00   -1.0536469416e+01    9.9278154512e-01    1.0000000000e+00
       549   -1.0431836405e+01    2.8316941453e-01    6.3968506142e+01    6.4000000000e+01    0.0000000000e+00   -1.0536224141e+01    9.9652026544e-01    1.0000000000e+00
       550   -1.0455581640e+01    3.0631705031e-01    6.3970381915e+01    6.4000000000e+01    0.0000000000e+00   -1.0535875992e+01    9.9107736043e-01    1.0000000000e+00
       551   -1.0464845247e+01    2.4422278587e-01    6.3975705369e+01    6.4000000000e+01    0.0000000000e+00   -1.0535744064e+01    9.8937349053e-01    1.0000000000e+00
       552   -1.0469746805e+01    3.0930009306e-01    6.3977989753e+01    6.4000000000e+01    0.0000000000e+00   -1.0535685123e+01    1.0000000000e+00    1.0000000000e+00
       553   -1.0410677810e+01    4.8398785603e-01    6.4969571188e+01    6.5000000000e+01    0.0000000000e+00   -1.0535588985e+01    9.9259446693e-01    1.0000000000e+00
       554   -1.0620529244e+01    7.2602149465e-01    6.4988257884e+01    6.5000000000e+01    0.0000000000e+00   -1.0550720373e+01    9.9727315524e-01    1.0000000000e+00
       555   -1.0557020915e+01    2.7666252745e-01    6.5011798607e+01    6.5000000000e+01    0.0000000000e+00   -1.0551175964e+01    1.0000000000e+00    1.0000000000e+00
       556   -1.0537488455e+01    2.9370326783e-01    6.4998344024e+01    6.5000000000e+01    0.0000000000e+00   -1.0551579963e+01    9.8275204725e-01    1.0000000000e+00
       557   -1.0546092605e+01    3.2989127723e-01    6.4996673315e+01    6.5000000000e+01    0.0000000000e+00   -1.0551376130e+01    9.8929971298e-01    1.0000000000e+00
       558   -1.0575927959e+01    3.1336998058e-01    6.5002885084e+01    6.5000000000e+01    0.0000000000e+00   -1.0551370495e+01    9.9866755454e-01    1.0000000000e+00
       559   -1.0528419817e+01    2.8400894881e-01    6.4999972021e+01    6.5000000000e+01    0.0000000000e+00   -1.0551544667e+01    1.0000000000e+00    1.0000000000e+00
       560   -1.0497679302e+01    2.3932033476e-01    6.4987337040e+01    6.5000000000e+01    0.0000000000e+00   -1.0551484996e+01    9.9873111457e-01    1.0000000000e+00
       561   -1.0557265694e+01    3.3498584845e-01    6.4992103137e+01    6.5000000000e+01    0.0000000000e+00   -1.0551215638e+01    1.0000000000e+00    1.0000000000e+00
       562   -1.0531534805e+01    2.7810719988e-01    6.4997541629e+01    6.5000000000e+01    0.0000000000e+00   -1.0551330692e+01    9.9682838518e-01    1.0000000000e+00
       563   -1.0527817715e+01    3.3413378833e-01    6.4992748800e+01    6.5000000000e+01    0.0000000000e+00   -1.0551405765e+01    9.8890509078e-01    1.0000000000e+00
       564   -1.0525062466e+01    3.3905953455e-01    6.4991704389e+01    6.5000000000e+01    0.0000000000e+00   -1.0551316223e+01    1.0000000000e+00    1.0000000000e+00
       565   -1.0552103415e+01    3.3873436194e-01    6.4995646994e+01    6.5000000000e+01    0.0000000000e+00   -1.0551279063e+01    9.8694859320e-01    1.0000000000e+00
       566   -1.0457527162e+01    4.0841623656e-01    6.5987717316e+01    6.6000000000e+01    0.0000000000e+00   -1.0551371122e+01    9.9554007165e-01    1.0000000000e+00
       567   -1.0527735206e+01    3.9504868613e-01    6.5975469392e+01    6.6000000000e+01    0.0000000000e+00   -1.0566367790e+01    9.9390379666e-01    1.0000000000e+00
       568   -1.0562541492e+01    3.1895987642e-01    6.5992807041e+01    6.6000000000e+01    0.0000000000e+00   -1.0566166629e+01    9.9660919992e-01    1.0000000000e+00
       569   -1.0553326739e+01    2.5470175706e-01    6.5996948419e+01    6.6000000000e+01    0.0000000000e+00   -1.0566480973e+01    1.0000000000e+00    1.0000000000e+00
       570   -1.0470929816e+01    2.9346437755e-01    6.5981888154e+01    6.6000000000e+01    0.0000000000e+00   -1.0566577396e+01    9.9788849996e-01    1.0000000000e+00
       571   -1.0511318097e+01    3.7291623365e-01    6.5975081189e+01    6.6000000000e+01    0.0000000000e+00   -1.0566224563e+01    9.9619270397e-01    1.0000000000e+00
       572   -1.0510597630e+01    4.8951145510e-01    6.5981610169e+01    6.6000000000e+01    0.0000000000e+00   -1.0566074632e+01    9.9305166859e-01    1.0000000000e+00
       573   -1.0540970892e+01    2.7325330420e-01    6.5986429894e+01    6.6000000000e+01    0.0000000000e+00   -1.0566125629e+01    9.9580956990e-01    9.8484848485e-01
       574   -1.0595555864e+01    1.9335138722e-01    6.5002552120e+01    6.5000000000e+01    0.0000000000e+00   -1.0566208860e+01    9.9623426447e-01    1.0000000000e+00
       575   -1.0583108326e+01    2.2215857493e-01    6.5012159539e+01    6.5000000000e+01    0.0000000000e+00   -1.0551300399e+01    9.9634250475e-01    1.0000000000e+00
       576   -1.0572307570e+01    1.8683630829e-01    6.6009788765e+01    6.6000000000e+01    0.0000000000e+00   -1.0551538211e+01    9.8656445615e-01    1.0000000000e+00
       577   -1.0559900035e+01    1.9283454317e-01    6.5999625767e+01    6.6000000000e+01    0.0000000000e+00   -1.0566836119e+01    9.9661338460e-01    1.0000000000e+00
       578   -1.0495722879e+01    3.2750161709e-01    6.5987035032e+01    6.6000000000e+01    0.0000000000e+00   -1.0566727570e+01    9.8804086095e-01    1.0000000000e+00
       579   -1.0436175934e+01    2.9260607942e-01    6.5966749763e+01    6.6000000000e+01    0.0000000000e+00   -1.0566460716e+01    9.9745558128e-01    1.0000000000e+00
       580   -1.0428867173e+01    5.8551048988e-01    6.5955858452e+01    6.6000000000e+01    0.0000000000e+00   -1.0565965124e+01    9.9450232238e-01    1.0000000000e+00
       581   -1.0457765630e+01    3.1977275890e-01    6.5959462084e+01    6.6000000000e+01    0.0000000000e+00   -1.0565598821e+01    9.9743814882e-01    1.0000000000e+00
       582   -1.0472709840e+01    2.9987785350e-01    6.5966797889e+01    6.6000000000e+01    0.0000000000e+00   -1.0565507346e+01    9.8646705638e-01    1.0000000000e+00
       583   -1.0473432079e+01    3.6873280642e-01    6.5969365640e+01    6.6000000000e+01    0.0000000000e+00   -1.0565501033e+01    9.9561413174e-01    1.0000000000e+00
       584   -1.0550267014e+01    2.8343702048e-01    6.5982138672e+01    6.6000000000e+01    0.0000000000e+00   -1.0565424226e+01    1.0000000000e+00    1.0000000000e+00
       585   -1.0485189231e+01    2.7121643493e-01    6.5984015041e+01    6.6000000000e+01    0.0000000000e+00   -1.0565646146e+01    9.9823465706e-01    1.0000000000e+00
       586   -1.0476996916e+01    3.6994184694e-01    6.5972004879e+01    6.6000000000e+01    0.0000000000e+00   -1.0565581382e+01    9.8862747408e-01    1.0000000000e+00
       587   -1.0516451497e+01    4.0051776006e-01    6.5977204496e+01    6.6000000000e+01    0.0000000000e+00   -1.0565291239e+01    9.8386558029e-01    1.0000000000e+00
       588   -1.0485122446e+01    4.8133298605e-01    6.5978466760e+01    6.6000000000e+01    0.0000000000e+00   -1.0565335679e+01    1.0000000000e+00    1.0000000000e+00
       589   -1.0536582134e+01    4.7703570224e-01    6.5981754361e+01    6.6000000000e+01    0.0000000000e+00   -1.0565262442e+01    9.9550684045e-01    1.0000000000e+00
       590   -1.0509474659e+01    4.8241954333e-01    6.5985735516e+01    6.6000000000e+01    0.0000000000e+00   -1.0565315537e+01    1.0000000000e+00    1.0000000000e+00
       591   -1.0469581764e+01    4.4557245669e-01    6.5974726696e+01    6.6000000000e+01    0.0000000000e+00   -1.0565329023e+01    9.9713833337e-01    1.0000000000e+00
       592   -1.0467180070e+01    2.8381250290e-01    6.5967923410e+01    6.6000000000e+01    0.0000000000e+00   -1.0565041893e+01    1.0000000000e+00    1.0000000000e+00
       593   -1.0465286236e+01    2.5307617073e-01    6.5967356018e+01    6.6000000000e+01    0.0000000000e+00   -1.0564814508e+01    1.0000000000e+00    1.0000000000e+00
       594   -1.0411697859e+01    2.9319503907e-01    6.5958322265e+01    6.6000000000e+01    0.0000000000e+00   -1.0564678622e+01    9.9230680220e-01    1.0000000000e+00
       595   -1.0404059017e+01    4.1431919684e-01    6.5948340939e+01    6.6000000000e+01    0.0000000000e+00   -1.0564316525e+01    9.9406974579e-01    1.0000000000e+00
       596   -1.0413343200e+01    2.5613504360e-01    6.5948733171e+01    6.6000000000e+01    0.0000000000e+00   -1.0563926876e+01    9.9488910310e-01    1.0000000000e+00
       597   -1.0394955746e+01    3.9508493416e-01    6.5947313608e+01    6.6000000000e+01    0.0000000000e+00   -1.0563712357e+01    9.9735954365e-01    1.0000000000e+00
       598   -1.0462998618e+01    2.2322166275e-01    6.5955571966e+01    6.6000000000e+01    0.0000000000e+00   -1.0563437616e+01    1.0000000000e+00    1.0000000000e+00
       599   -1.0495396882e+01    2.2860411108e-01    6.5972121656e+01    6.6000000000e+01    0.0000000000e+00   -1.0563434482e+01    9.9676522635e-01    1.0000000000e+00
       600   -1.0448644333e+01    2.8013110772e-01    6.5969707340e+01    6.6000000000e+01    0.0000000000e+00   -1.0563616391e+01    1.0000000000e+00    1.0000000000e+00
       601   -1.0430237268e+01    3.6166491953e-01    6.5959019668e+01    6.6000000000e+01    0.0000000000e+00   -1.0563426214e+01    9.9420382582e-01    1.0000000000e+00
       602   -1.0422706217e+01    3.9888084629e-01    6.5954826871e+01    6.6000000000e+01    0.0000000000e+00   -1.0563077822e+01    1.0000000000e+00    1.0000000000e+00
       603   -1.0466880982e+01    3.1625524677e-01    6.5960919882e+01    6.6000000000e+01    0.0000000000e+00   -1.0562814939e+01    9.9944980858e-01    1.0000000000e+00
       604   -1.0455806217e+01    2.5803756147e-01    6.5966414121e+01    6.6000000000e+01    0.0000000000e+00   -1.0562788459e+01    9.9737255962e-01    1.0000000000e+00
       605   -1.0539840384e+01    3.6056664460e-01    6.5978436717e+01    6.6000000000e+01    0.0000000000e+00   -1.0562733367e+01    9.9553326392e-01    1.0000000000e+00
       606   -1.0451285055e+01    2.9970630449e-01    6.5977612292e+01    6.6000000000e+01    0.0000000000e+00   -1.0562928858e+01    9.9695470069e-01    1.0000000000e+00
       607   -1.0412906216e+01    3.5742901502e-01    6.5956790910e+01    6.6000000000e+01    0.0000000000e+00   -1.0562770584e+01    9.9595616255e-01    1.0000000000e+00
       608   -1.0416648073e+01    2.5020964680e-01    6.5951305309e+01    6.6000000000e+01    0.0000000000e+00   -1.0562240916e+01    1.0000000000e+00    1.0000000000e+00
       609   -1.0457839475e+01    3.1615467588e-01    6.5958802020e+01    6.6000000000e+01    0.0000000000e+00   -1.0561951166e+01    1.0000000000e+00    1.0000000000e+00
       610   -1.0419582937e+01    3.0869562028e-01    6.6960279992e+01    6.7000000000e+01    0.0000000000e+00   -1.0561932548e+01    9.9615236688e-01    1.0000000000e+00
       611   -1.0363363935e+01    4.0883990442e-01    6.6937908800e+01    6.7000000000e+01    0.0000000000e+00   -1.0576801816e+01    9.9807521274e-01    1.0000000000e+00
       612   -1.0402390976e+01    2.3286058301e-01    6.6935237712e+01    6.7000000000e+01    0.0000000000e+00   -1.0576168338e+01    9.9577930731e-01    1.0000000000e+00
       613   -1.0376846205e+01    3.5345989264e-01    6.6937609100e+01    6.7000000000e+01    0.0000000000e+00   -1.0575899490e+01    1.0000000000e+00    1.0000000000e+00
       614   -1.0368186769e+01    4.3360499324e-01    6.6931954094e+01    6.7000000000e+01    0.0000000000e+00   -1.0575661494e+01    9.9309681649e-01    1.0000000000e+00
       615   -1.0498136907e+01    3.1811289909e-01    6.6952270558e+01    6.7000000000e+01    0.0000000000e+00   -1.0575289227e+01    9.9170386322e-01    1.0000000000e+00
       616   -1.0474191414e+01    2.4404296344e-01    6.6969942755e+01    6.7000000000e+01    0.0000000000e+00   -1.0575535548e+01    9.8944658427e-01    9.8507462687e-01
       617   -1.0445416088e+01    2.5684450458e-01    6.5965227580e+01    6.6000000000e+01    0.0000000000e+00   -1.0575700264e+01    1.0000000000e+00    1.0000000000e+00
       618   -1.0478473893e+01    1.9544139791e-01    6.5967449780e+01    6.6000000000e+01    0.0000000000e+00   -1.0560434596e+01    1.0000000000e+00    1.0000000000e+00
       619   -1.0487675976e+01    2.7229962032e-01    6.5974415122e+01    6.6000000000e+01    0.0000000000e+00   -1.0560377394e+01    9.9209910712e-01    9.8484848485e-01
       620   -1.0484769954e+01    2.4705968949e-01    6.4976477419e+01    6.5000000000e+01    0.0000000000e+00   -1.0560408550e+01    9.9772332301e-01    1.0000000000e+00
       621   -1.0501396242e+01    2.5660500168e-01    6.4982974410e+01    6.5000000000e+01    0.0000000000e+00   -1.0545087596e+01    9.9370809246e-01    1.0000000000e+00
       622   -1.0512648073e+01    3.0644385983e-01    6.4987460057e+01    6.5000000000e+01    0.0000000000e+00   -1.0545137670e+01    1.0000000000e+00    1.0000000000e+00
       623   -1.0466756783e+01    2.6201376494e-01    6.4981836512e+01    6.5000000000e+01    0.0000000000e+00   -1.0545176595e+01    1.0000000000e+00    1.0000000000e+00
       624   -1.0425771479e+01    2.1056311489e-01    6.4967855333e+01    6.5000000000e+01    0.0000000000e+00   -1.0544980113e+01    9.9408893839e-01    9.8461538462e-01
       625   -1.0409532582e+01    2.3227858631e-01    6.3960175212e+01    6.4000000000e+01    0.0000000000e+00   -1.0544584093e+01    9.9869917534e-01    1.0000000000e+00
       626   -1.0438477717e+01    2.7670130495e-01    6.3966442155e+01    6.4000000000e+01    0.0000000000e+00   -1.0528743700e+01    1.0000000000e+00    1.0000000000e+00
       627   -1.0417118739e+01    2.8361503510e-01    6.3967648349e+01    6.4000000000e+01    0.0000000000e+00   -1.0528684159e+01    1.0000000000e+00    1.0000000000e+00
       628   -1.0397127058e+01    3.4330895913e-01    6.3961085340e+01    6.4000000000e+01    0.0000000000e+00   -1.0528509088e+01    9.9163491266e-01    1.0000000000e+00
       629   -1.0450895629e+01    2.7211327800e-01    6.3966559708e+01    6.4000000000e+01    0.0000000000e+00   -1.0528178699e+01    9.9429471633e-01    1.0000000000e+00
       630   -1.0447005333e+01    2.1282672582e-01    6.3974555719e+01    6.4000000000e+01    0.0000000000e+00   -1.0528129989e+01    9.9897808118e-01    1.0000000000e+00
       631   -1.0479439931e+01    2.2450999765e-01    6.3979141824e+01    6.4000000000e+01    0.0000000000e+00   -1.0528114455e+01    1.0000000000e+00    1.0000000000e+00
       632   -1.0507315625e+01    2.1894363448e-01    6.3988769437e+01    6.4000000000e+01    0.0000000000e+00   -1.0528101822e+01    1.0000000000e+00    1.0000000000e+00
       633   -1.0424712519e+01    4.3846841632e-01    6.3979962791e+01    6.4000000000e+01    0.0000000000e+00   -1.0528216078e+01    9.9887947740e-01    1.0000000000e+00
       634   -1.0426960797e+01    3.4522322402e-01    6.3967234813e+01    6.4000000000e+01    0.0000000000e+00   -1.0527900908e+01    9.9291522518e-01    1.0000000000e+00
       635   -1.0427283473e+01    2.3863294130e-01    6.3967736958e+01    6.4000000000e+01    0.0000000000e+00   -1.0527528869e+01    9.9833686658e-01    1.0000000000e+00
       636   -1.0487905293e+01    2.6255909823e-01    6.3977560106e+01    6.4000000000e+01    0.0000000000e+00   -1.0527364778e+01    9.9225567011e-01    1.0000000000e+00
       637   -1.0531053455e+01    3.1821719140e-01    6.3994069931e+01    6.4000000000e+01    0.0000000000e+00   -1.0527450249e+01    1.0000000000e+00    1.0000000000e+00
       638   -1.0489477726e+01    2.6936826819e-01    6.4996575297e+01    6.5000000000e+01    0.0000000000e+00   -1.0527713804e+01    9.9793942003e-01    1.0000000000e+00
       639   -1.0457668906e+01    2.9152531433e-01    6.4977242381e+01    6.5000000000e+01    0.0000000000e+00   -1.0543192889e+01    1.0000000000e+00    1.0000000000e+00
       640   -1.0499867908e+01    3.2631881595e-01    6.4979065253e+01    6.5000000000e+01    0.0000000000e+00   -1.0542776632e+01    1.0000000000e+00    1.0000000000e+00
       641   -1.0478510177e+01    2.6874553490e-01    6.5983166012e+01    6.6000000000e+01    0.0000000000e+00   -1.0542757724e+01    9.9095037155e-01    1.0000000000e+00
       642   -1.0559163424e+01    2.5970166881e-01    6.5986910115e+01    6.6000000000e+01    0.0000000000e+00   -1.0558009347e+01    9.8797728823e-01    1.0000000000e+00
       643   -1.0538623737e+01    2.9759180320e-01    6.5996759478e+01    6.6000000000e+01    0.0000000000e+00   -1.0558119496e+01    9.9886824511e-01    1.0000000000e+00
       644   -1.0489059671e+01    6.6395828271e-01    6.5985090336e+01    6.6000000000e+01    0.0000000000e+00   -1.0558287396e+01    1.0000000000e+00    1.0000000000e+00
       645   -1.0572637179e+01    3.2284126137e-01    6.5990737612e+01    6.6000000000e+01    0.0000000000e+00   -1.0558045852e+01    9.9681431453e-01    1.0000000000e+00
       646   -1.0573562332e+01    2.4703100837e-01    6.6004664323e+01    6.6000000000e+01    0.0000000000e+00   -1.0558207166e+01    9.9602477602e-01    1.0000000000e+00
       647   -1.0541349885e+01    2.9162933270e-01    6.5999448787e+01    6.6000000000e+01    0.0000000000e+00   -1.0558495213e+01    9.9712614727e-01    1.0000000000e+00
       648   -1.0581820421e+01    3.8318172838e-01    6.6000799650e+01    6.6000000000e+01    0.0000000000e+00   -1.0558439097e+01    9.8637481506e-01    1.0000000000e+00
       649   -1.0602566037e+01    2.9268015698e-01    6.6010821098e+01    6.6000000000e+01    0.0000000000e+00   -1.0558549956e+01    9.9399423404e-01    1.0000000000e+00
       650   -1.0656196332e+01    3.9458076953e-01    6.6022948371e+01    6.6000000000e+01    0.0000000000e+00   -1.0558826450e+01    9.9924914288e-01    1.0000000000e+00
       651   -1.0627340141e+01    3.8897632785e-01    6.6026868747e+01    6.6000000000e+01    0.0000000000e+00   -1.0559223636e+01    9.9431250851e-01    1.0000000000e+00
       652   -1.0600608457e+01    3.9780345435e-01    6.6017639857e+01    6.6000000000e+01    0.0000000000e+00   -1.0559447857e+01    9.9780570846e-01    1.0000000000e+00
       653   -1.0554396316e+01    3.9836893990e-01    6.6005642424e+01    6.6000000000e+01    0.0000000000e+00   -1.0559428038e+01    9.9808250833e-01    1.0000000000e+00
       654   -1.0511928669e+01    3.9261722502e-01    6.5991108174e+01    6.6000000000e+01    0.0000000000e+00   -1.0559289349e+01    9.9346843186e-01    1.0000000000e+00
       655   -1.0506105231e+01    3.4853209157e-01    6.5983282319e+01    6.6000000000e+01    0.0000000000e+00   -1.0559041849e+01    9.8405818628e-01    1.0000000000e+00
       656   -1.0495555733e+01    2.8565211091e-01    6.5980662037e+01    6.6000000000e+01    0.0000000000e+00   -1.0558886454e+01    9.9192704163e-01    1.0000000000e+00
       657   -1.0494797954e+01    2.4229598000e-01    6.5978865569e+01    6.6000000000e+01    0.0000000000e+00   -1.0558792685e+01    1.0000000000e+00    1.0000000000e+00
       658   -1.0500284410e+01    2.8031485384e-01    6.5979692883e+01    6.6000000000e+01    0.0000000000e+00   -1.0558710333e+01    1.0000000000e+00    1.0000000000e+00
       659   -1.0461666323e+01    3.0452867787e-01    6.5974242853e+01    6.6000000000e+01    0.0000000000e+00   -1.0558676936e+01    1.0000000000e+00    1.0000000000e+00
       660   -1.0429058754e+01    2.9694189388e-01    6.5962581923e+01    6.6000000000e+01    0.0000000000e+00   -1.0558485238e+01    9.9726747052e-01    1.0000000000e+00
       661   -1.0488533088e+01    2.5819907717e-01    6.5967116753e+01    6.6000000000e+01    0.0000000000e+00   -1.0558146370e+01    1.0000000000e+00    1.0000000000e+00
       662   -1.0470145009e+01    2.5775680307e-01    6.5973891258e+01    6.6000000000e+01    0.0000000000e+00   -1.0558150723e+01    1.0000000000e+00    1.0000000000e+00
       663   -1.0506025109e+01    4.1714917778e-01    6.5976730079e+01    6.6000000000e+01    0.0000000000e+00   -1.0558159232e+01    9.9628899394e-01    1.0000000000e+00
       664   -1.0438114970e+01    2.7739694782e-01    6.5971436906e+01    6.6000000000e+01    0.0000000000e+00   -1.0558166824e+01    9.8735087989e-01    1.0000000000e+00
       665   -1.0434729878e+01    2.7371406698e-01    6.5959840278e+01    6.6000000000e+01    0.0000000000e+00   -1.0557940849e+01    9.9379724739e-01    9.8484848485e-01
       666   -1.0455313877e+01    2.4101388968e-01    6.4965076357e+01    6.5000000000e+01    0.0000000000e+00   -1.0557614284e+01    9.8249975169e-01    1.0000000000e+00
       667   -1.0480560464e+01    3.0594937056e-01    6.4975730219e+01    6.5000000000e+01    0.0000000000e+00   -1.0542301130e+01    9.9282835627e-01    9.8461538462e-01
       668   -1.0461226566e+01    2.5797640882e-01    6.3978480806e+01    6.4000000000e+01    0.0000000000e+00   -1.0542389424e+01    9.9959195313e-01    9.8437500000e-01
       669   -1.0439392641e+01    3.0557483270e-01    6.2977464660e+01    6.3000000000e+01    0.0000000000e+00   -1.0526815719e+01    1.0000000000e+00    1.0000000000e+00
       670   -1.0461352588e+01    2.9342892553e-01    6.2980792114e+01    6.3000000000e+01    0.0000000000e+00   -1.0510904341e+01    9.9491602365e-01    1.0000000000e+00
       671   -1.0414572698e+01    4.1162306802e-01    6.2976889930e+01    6.3000000000e+01    0.0000000000e+00   -1.0510851446e+01    9.9429219594e-01    1.0000000000e+00
       672   -1.0492506741e+01    3.3203836012e-01    6.2981838713e+01    6.3000000000e+01    0.0000000000e+00   -1.0510608888e+01    1.0000000000e+00    1.0000000000e+00
       673   -1.0517180584e+01    3.1980694168e-01    6.2997937227e+01    6.3000000000e+01    0.0000000000e+00   -1.0510632542e+01    9.9379432185e-01    1.0000000000e+00
       674   -1.0499630671e+01    3.6191179675e-01    6.2998987263e+01    6.3000000000e+01    0.0000000000e+00   -1.0510872909e+01    9.9327558170e-01    1.0000000000e+00
       675   -1.0591108712e+01    2.8511589417e-01    6.3010592846e+01    6.3000000000e+01    0.0000000000e+00   -1.0510846339e+01    9.9865127247e-01    1.0000000000e+00
       676   -1.0564342829e+01    3.0580351934e-01    6.3020682274e+01    6.3000000000e+01    0.0000000000e+00   -1.0511133573e+01    9.9469026920e-01    1.0000000000e+00
       677   -1.0513046921e+01    3.1868866541e-01    6.3008361944e+01    6.3000000000e+01    0.0000000000e+00   -1.0511353697e+01    9.8943677154e-01    1.0000000000e+00
       678   -1.0523072189e+01    3.5506088832e-01    6.3001938518e+01    6.3000000000e+01    0.0000000000e+00   -1.0511136323e+01    9.9372426647e-01    1.0000000000e+00
       679   -1.0519739604e+01    3.4016241047e-01    6.3003023173e+01    6.3000000000e+01    0.0000000000e+00   -1.0511028522e+01    1.0000000000e+00    1.0000000000e+00
       680   -1.0514192405e+01    4.0902934749e-01    6.3001593845e+01    6.3000000000e+01    0.0000000000e+00   -1.0511034617e+01    9.9298457445e-01    1.0000000000e+00
       681   -1.0554733006e+01    4.2769185640e-01    6.3007072226e+01    6.3000000000e+01    0.0000000000e+00   -1.0510992053e+01    1.0000000000e+00    1.0000000000e+00
       682   -1.0550973330e+01    4.9067550463e-01    6.3012777850e+01    6.3000000000e+01    0.0000000000e+00   -1.0511123337e+01    9.9618965792e-01    1.0000000000e+00
       683   -1.0553651422e+01    4.0710282080e-01    6.3012550680e+01    6.3000000000e+01    0.0000000000e+00   -1.0511252141e+01    1.0000000000e+00    1.0000000000e+00
       684   -1.0582056844e+01    3.6497726473e-01    6.3017446952e+01    6.3000000000e+01    0.0000000000e+00   -1.0511290892e+01    9.9536342918e-01    1.0000000000e+00
       685   -1.0495192662e+01    3.5510740835e-01    6.3008256872e+01    6.3000000000e+01    0.0000000000e+00   -1.0511455548e+01    1.0000000000e+00    1.0000000000e+00
       686   -1.0492503265e+01    4.7745792728e-01    6.2994264000e+01    6.3000000000e+01    0.0000000000e+00   -1.0511259806e+01    1.0000000000e+00    1.0000000000e+00
       687   -1.0446032299e+01    3.5662310485e-01    6.2986602718e+01    6.3000000000e+01    0.0000000000e+00   -1.0510983740e+01    9.9761200619e-01    1.0000000000e+00
       688   -1.0487813170e+01    3.4765210349e-01    6.2985967398e+01    6.3000000000e+01    0.0000000000e+00   -1.0510735482e+01    9.9949663983e-01    1.0000000000e+00
       689   -1.0503234056e+01    4.4300623220e-01    6.3997182724e+01    6.4000000000e+01    0.0000000000e+00   -1.0510664545e+01    1.0000000000e+00    1.0000000000e+00
       690   -1.0525207801e+01    2.9676170028e-01    6.3995784448e+01    6.4000000000e+01    0.0000000000e+00   -1.0526555081e+01    9.9910663647e-01    1.0000000000e+00
       691   -1.0461163165e+01    3.8072550036e-01    6.3989118947e+01    6.4000000000e+01    0.0000000000e+00   -1.0526531061e+01    9.9737903443e-01    1.0000000000e+00
       692   -1.0554132202e+01    3.5598593071e-01    6.3993794165e+01    6.4000000000e+01    0.0000000000e+00   -1.0526324978e+01    9.9587014493e-01    1.0000000000e+00
       693   -1.0550294642e+01    2.7457081510e-01    6.4007969585e+01    6.4000000000e+01    0.0000000000e+00   -1.0526441020e+01    1.0000000000e+00    1.0000000000e+00
       694   -1.0568386717e+01    3.1357240998e-01    6.4010194933e+01    6.4000000000e+01    0.0000000000e+00   -1.0526699397e+01    9.9949534498e-01    1.0000000000e+00
       695   -1.0588837664e+01    3.4842905274e-01    6.4016298648e+01    6.4000000000e+01    0.0000000000e+00   -1.0526798988e+01    9.9576393435e-01    1.0000000000e+00
       696   -1.0658520667e+01    3.6132709054e-01    6.4030590146e+01    6.4000000000e+01    0.0000000000e+00   -1.0526990620e+01    9.9505000177e-01    1.0000000000e+00
       697   -1.0601518364e+01    4.3222599133e-01    6.5032652813e+01    6.5000000000e+01    0.0000000000e+00   -1.0527417529e+01    1.0000000000e+00    1.0000000000e+00
       698   -1.0529137130e+01    2.9077906040e-01    6.5006943633e+01    6.5000000000e+01    0.0000000000e+00   -1.0543061174e+01    9.9658526564e-01    1.0000000000e+00
       699   -1.0511977194e+01    9.2126619283e-01    6.4992481074e+01    6.5000000000e+01    0.0000000000e+00   -1.0542668977e+01    1.0000000000e+00    1.0000000000e+00
       700   -1.0511144072e+01    4.5861662776e-01    6.4989622604e+01    6.5000000000e+01    0.0000000000e+00   -1.0542423274e+01    1.0000000000e+00    1.0000000000e+00
       701   -1.0525252261e+01    5.6429053342e-01    6.4991810121e+01    6.5000000000e+01    0.0000000000e+00   -1.0542354882e+01    9.9398637079e-01    1.0000000000e+00
       702   -1.0559484066e+01    3.3247567312e-01    6.4999639549e+01    6.5000000000e+01    0.0000000000e+00   -1.0542385844e+01    9.9275915261e-01    1.0000000000e+00
       703   -1.0521115138e+01    3.1322455662e-01    6.4999009951e+01    6.5000000000e+01    0.0000000000e+00   -1.0542556039e+01    1.0000000000e+00    1.0000000000e+00
       704   -1.0572875956e+01    2.5912567664e-01    6.5001212425e+01    6.5000000000e+01    0.0000000000e+00   -1.0542537267e+01    1.0000000000e+00    1.0000000000e+00
       705   -1.0600962072e+01    2.5438653159e-01    6.5014146039e+01    6.5000000000e+01    0.0000000000e+00   -1.0542641117e+01    9.9345366542e-01    1.0000000000e+00
       706   -1.0625801302e+01    2.7232045676e-01    6.5022617217e+01    6.5000000000e+01    0.0000000000e+00   -1.0542952639e+01    9.8327412765e-01    1.0000000000e+00
       707   -1.0620493162e+01    2.9213838987e-01    6.5025690500e+01    6.5000000000e+01    0.0000000000e+00   -1.0543232959e+01    1.0000000000e+00    1.0000000000e+00
       708   -1.0581872433e+01    2.0463077481e-01    6.5018524806e+01    6.5000000000e+01    0.0000000000e+00   -1.0543421731e+01    9.9313999112e-01    1.0000000000e+00
       709   -1.0573702044e+01    3.3653015388e-01    6.5010952937e+01    6.5000000000e+01    0.0000000000e+00   -1.0543394000e+01    9.8815856694e-01    1.0000000000e+00
       710   -1.0524848671e+01    2.8499579576e-01    6.5001730216e+01    6.5000000000e+01    0.0000000000e+00   -1.0543347381e+01    9.9869913708e-01    1.0000000000e+00
       711   -1.0560537609e+01    3.4912413049e-01    6.4999612728e+01    6.5000000000e+01    0.0000000000e+00   -1.0543201231e+01    9.9695647554e-01    1.0000000000e+00
       712   -1.0474168979e+01    3.0460410539e-01    6.4991392257e+01    6.5000000000e+01    0.0000000000e+00   -1.0543218303e+01    9.9538925237e-01    1.0000000000e+00
       713   -1.0500420630e+01    3.8522747456e-01    6.4981717864e+01    6.5000000000e+01    0.0000000000e+00   -1.0543011055e+01    9.9203080025e-01    1.0000000000e+00
       714   -1.0491671565e+01    4.1124463761e-01    6.4984574133e+01    6.5000000000e+01    0.0000000000e+00   -1.0542821195e+01    9.9149142163e-01    1.0000000000e+00
       715   -1.0588250284e+01    3.9584067446e-01    6.4998773129e+01    6.5000000000e+01    0.0000000000e+00   -1.0542811124e+01    9.9241135141e-01    9.8461538462e-01
       716   -1.0549680634e+01    2.9694305471e-01    6.4010196228e+01    6.4000000000e+01    0.0000000000e+00   -1.0543120748e+01    9.9706118360e-01    9.8437500000e-01
       717   -1.0540708846e+01    3.5823667972e-01    6.3007243460e+01    6.3000000000e+01    0.0000000000e+00   -1.0527827791e+01    9.9703810626e-01    1.0000000000e+00
       718   -1.0509933357e+01    3.4722263073e-01    6.3003920123e+01    6.3000000000e+01    0.0000000000e+00   -1.0512054621e+01    1.0000000000e+00    1.0000000000e+00
       719   -1.0553509202e+01    3.0406947731e-01    6.3005948545e+01    6.3000000000e+01    0.0000000000e+00   -1.0511975335e+01    9.9047326877e-01    1.0000000000e+00
       720   -1.0508727122e+01    2.6839962802e-01    6.3005768763e+01    6.3000000000e+01    0.0000000000e+00   -1.0512046109e+01    9.9407672723e-01    1.0000000000e+00
       721   -1.0492379582e+01    2.2111579482e-01    6.2996206591e+01    6.3000000000e+01    0.0000000000e+00   -1.0512014980e+01    1.0000000000e+00    1.0000000000e+00
       722   -1.0575467997e+01    7.7587442637e-01    6.3006667128e+01    6.3000000000e+01    0.0000000000e+00   -1.0511810684e+01    9.9635841719e-01    1.0000000000e+00
       723   -1.0520381596e+01    3.6605120234e-01    6.3010942931e+01    6.3000000000e+01    0.0000000000e+00   -1.0512047818e+01    1.0000000000e+00    1.0000000000e+00
       724   -1.0509872981e+01    3.6980404574e-01    6.4002948594e+01    6.4000000000e+01    0.0000000000e+00   -1.0512104834e+01    9.9458856056e-01    1.0000000000e+00
       725   -1.0471963149e+01    2.9539626739e-01    6.3988037008e+01    6.4000000000e+01    0.0000000000e+00   -1.0527699200e+01    9.9474743098e-01    9.8437500000e-01
       726   -1.0506335998e+01    2.9811375695e-01    6.2988689735e+01    6.3000000000e+01    0.0000000000e+00   -1.0527383808e+01    1.0000000000e+00    1.0000000000e+00
       727   -1.0508691090e+01    3.7900531520e-01    6.2998501342e+01    6.3000000000e+01    0.0000000000e+00   -1.0511611480e+01    9.9796791900e-01    1.0000000000e+00
       728   -1.0511721964e+01    4.5650023898e-01    6.2999240809e+01    6.3000000000e+01    0.0000000000e+00   -1.0511739436e+01    1.0000000000e+00    1.0000000000e+00
       729   -1.0498058423e+01    5.4253865911e-01    6.2997511835e+01    6.3000000000e+01    0.0000000000e+00   -1.0511727920e+01    9.9414882074e-01    9.8412698413e-01
       730   -1.0447670122e+01    6.0238173732e-01    6.1988547881e+01    6.2000000000e+01    0.0000000000e+00   -1.0511657196e+01    9.9655326329e-01    1.0000000000e+00
       731   -1.0512256032e+01    3.3466011580e-01    6.1994877628e+01    6.2000000000e+01    0.0000000000e+00   -1.0495394477e+01    1.0000000000e+00    1.0000000000e+00
       732   -1.0474019366e+01    4.2434930650e-01    6.1999002778e+01    6.2000000000e+01    0.0000000000e+00   -1.0495474484e+01    9.9449096535e-01    1.0000000000e+00
       733   -1.0554561052e+01    6.3072624280e-01    6.3007402880e+01    6.3000000000e+01    0.0000000000e+00   -1.0495463004e+01    1.0000000000e+00    1.0000000000e+00
       734   -1.0591645014e+01    3.1061577680e-01    6.3018984802e+01    6.3000000000e+01    0.0000000000e+00   -1.0511636890e+01    1.0000000000e+00    9.8412698413e-01
       735   -1.0610071945e+01    2.6456414226e-01    6.2030543957e+01    6.2000000000e+01    0.0000000000e+00   -1.0511914673e+01    9.9581150099e-01    1.0000000000e+00
       736   -1.0548724919e+01    2.8673180647e-01    6.2025511909e+01    6.2000000000e+01    0.0000000000e+00   -1.0496226123e+01    9.9890041058e-01    1.0000000000e+00
       737   -1.0487593460e+01    4.7327131081e-01    6.2006553963e+01    6.2000000000e+01    0.0000000000e+00   -1.0496175918e+01    1.0000000000e+00    1.0000000000e+00
       738   -1.0475571736e+01    5.5172855313e-01    6.1995307752e+01    6.2000000000e+01    0.0000000000e+00   -1.0495812201e+01    1.0000000000e+00    1.0000000000e+00
       739   -1.0512748249e+01    3.9983704827e-01    6.1999213283e+01    6.2000000000e+01    0.0000000000e+00   -1.0495555510e+01    9.9009111860e-01    1.0000000000e+00
       740   -1.0449507904e+01    4.0529684491e-01    6.1995241740e+01    6.2000000000e+01    0.0000000000e+00   -1.0495597300e+01    9.9726739865e-01    1.0000000000e+00
       741   -1.0402123811e+01    4.9298965422e-01    6.1978184493e+01    6.2000000000e+01    0.0000000000e+00   -1.0495420576e+01    1.0000000000e+00    1.0000000000e+00
       742   -1.0443518251e+01    4.6475326808e-01    6.1977397363e+01    6.2000000000e+01    0.0000000000e+00   -1.0494964588e+01    9.9984708104e-01    1.0000000000e+00
       743   -1.0517902750e+01    4.4728725308e-01    6.1995308166e+01    6.2000000000e+01    0.0000000000e+00   -1.0494831330e+01    9.9899315421e-01    1.0000000000e+00
       744   -1.0568471067e+01    3.5095640005e-01    6.2014570582e+01    6.2000000000e+01    0.0000000000e+00   -1.0495107248e+01    9.9726542944e-01    1.0000000000e+00
       745   -1.0468728551e+01    3.5561813726e-01    6.2006880097e+01    6.2000000000e+01    0.0000000000e+00   -1.0495477677e+01    9.8946829064e-01    1.0000000000e+00
       746   -1.0533485736e+01    3.0105436252e-01    6.2001568183e+01    6.2000000000e+01    0.0000000000e+00   -1.0495269947e+01    9.9587141164e-01    1.0000000000e+00
       747   -1.0556003808e+01    4.2675836230e-01    6.3015466250e+01    6.3000000000e+01    0.0000000000e+00   -1.0495193715e+01    9.9751752979e-01    1.0000000000e+00
       748   -1.0555810458e+01    2.9528283784e-01    6.3013696038e+01    6.3000000000e+01    0.0000000000e+00   -1.0511455900e+01    9.9569844452e-01    1.0000000000e+00
       749   -1.0540915927e+01    2.7177266814e-01    6.3011355415e+01    6.3000000000e+01    0.0000000000e+00   -1.0511469084e+01    1.0000000000e+00    1.0000000000e+00
       750   -1.0557207825e+01    2.1508337186e-01    6.3011616524e+01    6.3000000000e+01    0.0000000000e+00   -1.0511451818e+01    1.0000000000e+00    1.0000000000e+00
       751   -1.0611811225e+01    3.1581645161e-01    6.3022737654e+01    6.3000000000e+01    0.0000000000e+00   -1.0511499026e+01    9.8953859380e-01    1.0000000000e+00
       752   -1.0536760545e+01    3.0161565480e-01    6.3019412541e+01    6.3000000000e+01    0.0000000000e+00   -1.0511796228e+01    1.0000000000e+00    1.0000000000e+00
       753   -1.0511237910e+01    2.7272774274e-01    6.4004200965e+01    6.4000000000e+01    0.0000000000e+00   -1.0511757089e+01    9.9748087718e-01    1.0000000000e+00
       754   -1.0549647694e+01    3.5052932152e-01    6.4000800459e+01    6.4000000000e+01    0.0000000000e+00   -1.0527240326e+01    9.9670522333e-01    1.0000000000e+00
       755   -1.0615841413e+01    4.4092829066e-01    6.4017445335e+01    6.4000000000e+01    0.0000000000e+00   -1.0527219072e+01    1.0000000000e+00    9.8437500000e-01
       756   -1.0570865043e+01    2.1877814487e-01    6.4024647328e+01    6.4000000000e+01    0.0000000000e+00   -1.0527604656e+01    1.0000000000e+00    1.0000000000e+00
       757   -1.0595937795e+01    2.3816095253e-01    6.4017557750e+01    6.4000000000e+01    0.0000000000e+00   -1.0527778724e+01    1.0000000000e+00    1.0000000000e+00
       758   -1.0600277958e+01    2.7756490902e-01    6.4022260452e+01    6.4000000000e+01    0.0000000000e+00   -1.0527764800e+01    9.9617327267e-01    1.0000000000e+00
       759   -1.0616404286e+01    2.8765962314e-01    6.4025444452e+01    6.4000000000e+01    0.0000000000e+00   -1.0527940919e+01    1.0000000000e+00    1.0000000000e+00
       760   -1.0600603884e+01    1.9448996226e-01    6.4025446866e+01    6.4000000000e+01    0.0000000000e+00   -1.0528115736e+01    9.9670644227e-01    1.0000000000e+00
       761   -1.0607330117e+01    2.5463193982e-01    6.4023993026e+01    6.4000000000e+01    0.0000000000e+00   -1.0528218286e+01    1.0000000000e+00    1.0000000000e+00
       762   -1.0558094987e+01    2.0857904970e-01    6.4017184403e+01    6.4000000000e+01    0.0000000000e+00   -1.0528307249e+01    9.9123654118e-01    1.0000000000e+00
       763   -1.0613750280e+01    2.0788161544e-01    6.4018241351e+01    6.4000000000e+01    0.0000000000e+00   -1.0528243202e+01    9.9405985613e-01    1.0000000000e+00
       764   -1.0553787735e+01    2.6117081250e-01    6.4017505630e+01    6.4000000000e+01    0.0000000000e+00   -1.0528379846e+01    9.9220466430e-01    1.0000000000e+00
       765   -1.0567562179e+01    2.4268249113e-01    6.4010115214e+01    6.4000000000e+01    0.0000000000e+00   -1.0528404287e+01    9.9751026267e-01    1.0000000000e+00
       766   -1.0583291710e+01    1.8494166866e-01    6.4014847625e+01    6.4000000000e+01    0.0000000000e+00   -1.0528343909e+01    9.9773957246e-01    1.0000000000e+00
       767   -1.0549304235e+01    1.7059253253e-01    6.4011916925e+01    6.4000000000e+01    0.0000000000e+00   -1.0528494694e+01    1.0000000000e+00    1.0000000000e+00
       768   -1.0602325333e+01    1.8048029530e-01    6.4014968698e+01    6.4000000000e+01    0.0000000000e+00   -1.0528478218e+01    1.0000000000e+00    1.0000000000e+00
       769   -1.0575259183e+01    1.6585293284e-01    6.4019063956e+01    6.4000000000e+01    0.0000000000e+00   -1.0528628859e+01    9.9649881775e-01    1.0000000000e+00
       770   -1.0562918656e+01    2.1726391747e-01    6.4012734905e+01    6.4000000000e+01    0.0000000000e+00   -1.0528757919e+01    9.9900387982e-01    9.8437500000e-01
       771   -1.0590481144e+01    2.2956136365e-01    6.3016824023e+01    6.3000000000e+01    0.0000000000e+00   -1.0528706845e+01    9.9646085576e-01    1.0000000000e+00
       772   -1.0600160187e+01    3.6981138621e-01    6.3025630653e+01    6.3000000000e+01    0.0000000000e+00   -1.0513112373e+01    1.0000000000e+00    1.0000000000e+00
       773   -1.0587322172e+01    2.2712253397e-01    6.3025033158e+01    6.3000000000e+01    0.0000000000e+00   -1.0513351099e+01    9.9547653374e-01    1.0000000000e+00
       774   -1.0587378861e+01    3.1227167671e-01    6.3023013347e+01    6.3000000000e+01    0.0000000000e+00   -1.0513422599e+01    9.9356403675e-01    1.0000000000e+00
       775   -1.0547806776e+01    3.5281612016e-01    6.3016791500e+01    6.3000000000e+01    0.0000000000e+00   -1.0513471385e+01    9.9750598256e-01    1.0000000000e+00
       776   -1.0520801676e+01    4.2374391669e-01    6.3006311946e+01    6.3000000000e+01    0.0000000000e+00   -1.0513398762e+01    1.0000000000e+00    1.0000000000e+00
       777   -1.0555889101e+01    5.5414049846e-01    6.3007559020e+01    6.3000000000e+01    0.0000000000e+00   -1.0513221337e+01    1.0000000000e+00    1.0000000000e+00
       778   -1.0547731561e+01    3.5317904779e-01    6.3011771692e+01    6.3000000000e+01    0.0000000000e+00   -1.0513278245e+01    1.0000000000e+00    1.0000000000e+00
       779   -1.0524645402e+01    3.1034658172e-01    6.3006924412e+01    6.3000000000e+01    0.0000000000e+00   -1.0513370925e+01    9.9585898122e-01    1.0000000000e+00
       780   -1.0440462935e+01    2.9842305760e-01    6.2990120565e+01    6.3000000000e+01    0.0000000000e+00   -1.0513288123e+01    9.9718946255e-01    1.0000000000e+00
       781   -1.0437929452e+01    3.3386358893e-01    6.2976639343e+01    6.3000000000e+01    0.0000000000e+00   -1.0512900372e+01    9.9517523242e-01    9.8412698413e-01
       782   -1.0526209610e+01    3.8016995549e-01    6.1993500418e+01    6.2000000000e+01    0.0000000000e+00   -1.0512562180e+01    9.9403019872e-01    1.0000000000e+00
       783   -1.0526492550e+01    2.8295165922e-01    6.2008919365e+01    6.2000000000e+01    0.0000000000e+00   -1.0496824502e+01    1.0000000000e+00    1.0000000000e+00
       784   -1.0635435250e+01    6.7062957855e-01    6.2025628187e+01    6.2000000000e+01    0.0000000000e+00   -1.0497070212e+01    1.0000000000e+00    1.0000000000e+00
       785   -1.0596112013e+01    3.5546569185e-01    6.2036227401e+01    6.2000000000e+01    0.0000000000e+00   -1.0497484886e+01    1.0000000000e+00    1.0000000000e+00
       786   -1.0512987529e+01    2.4737761558e-01    6.2017276980e+01    6.2000000000e+01    0.0000000000e+00   -1.0497747185e+01    1.0000000000e+00    1.0000000000e+00
       787   -1.0533834635e+01    2.5974797025e-01    6.2007842130e+01    6.2000000000e+01    0.0000000000e+00   -1.0497420058e+01    1.0000000000e+00    1.0000000000e+00
       788   -1.0540534475e+01    1.6861754556e-01    6.2012163720e+01    6.2000000000e+01    0.0000000000e+00   -1.0497274614e+01    9.9872997867e-01    1.0000000000e+00
       789   -1.0524350031e+01    2.0221852908e-01    6.2010700276e+01    6.2000000000e+01    0.0000000000e+00   -1.0497360054e+01    9.9466309458e-01    9.8387096774e-01
       790   -1.0503760975e+01    2.8814728525e-01    6.1006562039e+01    6.1000000000e+01    0.0000000000e+00   -1.0497330288e+01    9.8546296335e-01    1.0000000000e+00
       791   -1.0531561906e+01    2.4156481444e-01    6.1010981077e+01    6.1000000000e+01    0.0000000000e+00   -1.0480970831e+01    9.9121643620e-01    1.0000000000e+00
       792   -1.0529816477e+01    3.4297718766e-01    6.1014901931e+01    6.1000000000e+01    0.0000000000e+00   -1.0481046889e+01    1.0000000000e+00    1.0000000000e+00
       793   -1.0509902444e+01    3.9373087119e-01    6.1011543191e+01    6.1000000000e+01    0.0000000000e+00   -1.0481112417e+01    1.0000000000e+00    1.0000000000e+00
       794   -1.0502641057e+01    4.1528477769e-01    6.1007395748e+01    6.1000000000e+01    0.0000000000e+00   -1.0481031864e+01    1.0000000000e+00    1.0000000000e+00
       795   -1.0540604364e+01    3.1287390434e-01    6.1012103776e+01    6.1000000000e+01    0.0000000000e+00   -1.0480928701e+01    1.0000000000e+00    1.0000000000e+00
       796   -1.0518720821e+01    3.0582757244e-01    6.1014571414e+01    6.1000000000e+01    0.0000000000e+00   -1.0481021671e+01    9.9621538431e-01    1.0000000000e+00
       797   -1.0464089288e+01    2.2490207144e-01    6.1002953814e+01    6.1000000000e+01    0.0000000000e+00   -1.0481048579e+01    9.9602250296e-01    1.0000000000e+00
       798   -1.0447971753e+01    2.5206681526e-01    6.0992306715e+01    6.1000000000e+01    0.0000000000e+00   -1.0480771617e+01    1.0000000000e+00    1.0000000000e+00
       799   -1.0336572614e+01    6.0048509334e-01    6.0972962757e+01    6.1000000000e+01    0.0000000000e+00   -1.0480489243e+01    9.8732436239e-01    1.0000000000e+00
       800   -1.0451900330e+01    4.6462373406e-01    6.0973631668e+01    6.1000000000e+01    0.0000000000e+00   -1.0479915969e+01    9.9791954850e-01    1.0000000000e+00
       801   -1.0371890992e+01    4.9124253701e-01    6.0978997234e+01    6.1000000000e+01    0.0000000000e+00   -1.0479825118e+01    9.9557873291e-01    1.0000000000e+00
       802   -1.0333180213e+01    5.6093808217e-01    6.0961000351e+01    6.1000000000e+01    0.0000000000e+00   -1.0479705166e+01    9.9095739293e-01    1.0000000000e+00
       803   -1.0374183558e+01    4.2774727017e-01    6.0961506038e+01    6.1000000000e+01    0.0000000000e+00   -1.0479151187e+01    9.9410411254e-01    1.0000000000e+00
       804   -1.0377636398e+01    5.6198136789e-01    6.0968332536e+01    6.1000000000e+01    0.0000000000e+00   -1.0478955747e+01    9.9283261047e-01    9.8360655738e-01
       805   -1.0460501748e+01    4.1102307769e-01    5.9983264166e+01    6.0000000000e+01    0.0000000000e+00   -1.0478869099e+01    9.9752223851e-01    1.0000000000e+00
       806   -1.0483456043e+01    4.7202737357e-01    6.0002534670e+01    6.0000000000e+01    0.0000000000e+00   -1.0462491614e+01    1.0000000000e+00    1.0000000000e+00
       807   -1.0417552567e+01    3.5244805185e-01    5.9996040788e+01    6.0000000000e+01    0.0000000000e+00   -1.0462754897e+01    9.9717007611e-01    9.8333333333e-01
       808   -1.0480949215e+01    3.3989551134e-01    5.8998884946e+01    5.9000000000e+01    0.0000000000e+00   -1.0462501943e+01    1.0000000000e+00    1.0000000000e+00
       809   -1.0495294605e+01    4.1394574998e-01    5.9012232681e+01    5.9000000000e+01    0.0000000000e+00   -1.0445681101e+01    1.0000000000e+00    1.0000000000e+00
       810   -1.0433108489e+01    3.9064925273e-01    5.9005129712e+01    5.9000000000e+01    0.0000000000e+00   -1.0445865535e+01    9.7269727725e-01    1.0000000000e+00
       811   -1.0417315429e+01    4.2556706747e-01    5.8993725424e+01    5.9000000000e+01    0.0000000000e+00   -1.0445621779e+01    9.9943212706e-01    1.0000000000e+00
       812   -1.0410513913e+01    3.7345449877e-01    5.8990503564e+01    5.9000000000e+01    0.0000000000e+00   -1.0445284698e+01    9.9762668181e-01    1.0000000000e+00
       813   -1.0451409631e+01    3.5823965338e-01    5.8995602909e+01    5.9000000000e+01    0.0000000000e+00   -1.0445077760e+01    1.0000000000e+00    1.0000000000e+00
       814   -1.0507387357e+01    4.3243035989e-01    5.9009831164e+01    5.9000000000e+01    0.0000000000e+00   -1.0445065803e+01    9.9065149330e-01    1.0000000000e+00
       815   -1.0477115951e+01    4.4869651703e-01    5.9013524259e+01    5.9000000000e+01    0.0000000000e+00   -1.0445281984e+01    9.9867984455e-01    1.0000000000e+00
       816   -1.0356272661e+01    1.3406555562e+00    5.8991125969e+01    5.9000000000e+01    0.0000000000e+00   -1.0445280147e+01    9.9386836050e-01    1.0000000000e+00
       817   -1.0397414996e+01    3.8498076444e-01    5.9983925603e+01    6.0000000000e+01    0.0000000000e+00   -1.0444678726e+01    1.0000000000e+00    1.0000000000e+00
       818   -1.0386033565e+01    3.2574841503e-01    5.9978915467e+01    6.0000000000e+01    0.0000000000e+00   -1.0461200664e+01    9.9422884279e-01    1.0000000000e+00
       819   -1.0364898548e+01    3.6985427840e-01    5.9974214915e+01    6.0000000000e+01    0.0000000000e+00   -1.0460935116e+01    9.9572028491e-01    1.0000000000e+00
       820   -1.0405545740e+01    3.8052389915e-01    5.9977202504e+01    6.0000000000e+01    0.0000000000e+00   -1.0460647747e+01    9.9380019383e-01    1.0000000000e+00
       821   -1.0468086025e+01    3.2612556434e-01    5.9992653218e+01    6.0000000000e+01    0.0000000000e+00   -1.0460541827e+01    1.0000000000e+00    1.0000000000e+00
       822   -1.0500118750e+01    3.4995122296e-01    6.0006754096e+01    6.0000000000e+01    0.0000000000e+00   -1.0460725084e+01    9.9916891475e-01    1.0000000000e+00
       823   -1.0494436705e+01    3.2446903983e-01    6.0010639343e+01    6.0000000000e+01    0.0000000000e+00   -1.0460927413e+01    9.9384803019e-01    1.0000000000e+00
       824   -1.0472656427e+01    6.8295259773e-01    6.0006463702e+01    6.0000000000e+01    0.0000000000e+00   -1.0460952214e+01    9.9778988827e-01    1.0000000000e+00
       825   -1.0460756271e+01    4.5043165585e-01    6.0001406011e+01    6.0000000000e+01    0.0000000000e+00   -1.0460814685e+01    9.9500001168e-01    1.0000000000e+00
       826   -1.0495136080e+01    3.0740080411e-01    6.0004881274e+01    6.0000000000e+01    0.0000000000e+00   -1.0460647291e+01    9.9802573918e-01    1.0000000000e+00
       827   -1.0505795380e+01    2.7145999705e-01    6.0011676107e+01    6.0000000000e+01    0.0000000000e+00   -1.0460666565e+01    9.9424755583e-01    1.0000000000e+00
       828   -1.0558385333e+01    3.0211256763e-01    6.0021137459e+01    6.0000000000e+01    0.0000000000e+00   -1.0460754953e+01    1.0000000000e+00    1.0000000000e+00
       829   -1.0600608043e+01    3.1429337882e-01    6.0035246291e+01    6.0000000000e+01    0.0000000000e+00   -1.0460955329e+01    1.0000000000e+00    1.0000000000e+00
       830   -1.0559295901e+01    3.3069961188e-01    6.0035269110e+01    6.0000000000e+01    0.0000000000e+00   -1.0461287117e+01    9.9721080331e-01    1.0000000000e+00
       831   -1.0496995744e+01    4.5324694841e-01    6.0019727583e+01    6.0000000000e+01    0.0000000000e+00   -1.0461331105e+01    9.9088511760e-01    1.0000000000e+00
       832   -1.0528087022e+01    3.4376398758e-01    6.0015134414e+01    6.0000000000e+01    0.0000000000e+00   -1.0461036027e+01    9.9779912075e-01    1.0000000000e+00
       833   -1.0584033001e+01    3.7121868755e-01    6.0028182534e+01    6.0000000000e+01    0.0000000000e+00   -1.0460963125e+01    1.0000000000e+00    1.0000000000e+00
       834   -1.0612424039e+01    3.2938908180e-01    6.0040717356e+01    6.0000000000e+01    0.0000000000e+00   -1.0461255494e+01    1.0000000000e+00    1.0000000000e+00
       835   -1.0627087124e+01    3.4655883593e-01    6.0047065230e+01    6.0000000000e+01    0.0000000000e+00   -1.0461575243e+01    1.0000000000e+00    1.0000000000e+00
       836   -1.0655363139e+01    4.0790681380e-01    6.1055921042e+01    6.1000000000e+01    0.0000000000e+00   -1.0461810291e+01    1.0000000000e+00    1.0000000000e+00
       837   -1.0683912092e+01    4.6248435981e-01    6.1057792902e+01    6.1000000000e+01    0.0000000000e+00   -1.0478636727e+01    9.9740295294e-01    1.0000000000e+00
       838   -1.0600864959e+01    3.2357719989e-01    6.1049424400e+01    6.1000000000e+01    0.0000000000e+00   -1.0478868124e+01    9.9735936752e-01    1.0000000000e+00
       839   -1.0529396827e+01    2.2314814254e-01    6.1026011258e+01    6.1000000000e+01    0.0000000000e+00   -1.0478826030e+01    1.0000000000e+00    1.0000000000e+00
       840   -1.0626426212e+01    4.1470136179e-01    6.1030034301e+01    6.1000000000e+01    0.0000000000e+00   -1.0478446712e+01    9.9699133547e-01    1.0000000000e+00
       841   -1.0568237229e+01    2.9535475157e-01    6.1035877091e+01    6.1000000000e+01    0.0000000000e+00   -1.0478639557e+01    9.8839987863e-01    1.0000000000e+00
       842   -1.0599533742e+01    4.4643129712e-01    6.1031700328e+01    6.1000000000e+01    0.0000000000e+00   -1.0478788421e+01    9.9042268455e-01    9.8360655738e-01
       843   -1.0552730105e+01    3.1779862452e-01    6.0030691205e+01    6.0000000000e+01    0.0000000000e+00   -1.0478812452e+01    1.0000000000e+00    1.0000000000e+00
       844   -1.0516241958e+01    4.8166707938e-01    6.0021330694e+01    6.0000000000e+01    0.0000000000e+00   -1.0462308281e+01    9.9784726454e-01    1.0000000000e+00
       845   -1.0483182385e+01    3.3338325600e-01    6.0010956146e+01    6.0000000000e+01    0.0000000000e+00   -1.0462139644e+01    9.9902004651e-01    1.0000000000e+00
       846   -1.0516014654e+01    8.4670775018e-01    6.1012708350e+01    6.1000000000e+01    0.0000000000e+00   -1.0461912585e+01    1.0000000000e+00    1.0000000000e+00
       847   -1.0481553511e+01    3.5083969434e-01    6.1005816073e+01    6.1000000000e+01    0.0000000000e+00   -1.0478454748e+01    1.0000000000e+00    1.0000000000e+00
       848   -1.0494834138e+01    2.8390873834e-01    6.1002731219e+01    6.1000000000e+01    0.0000000000e+00   -1.0478285759e+01    1.0000000000e+00    1.0000000000e+00
       849   -1.0563473578e+01    3.9214991019e-01    6.1015260253e+01    6.1000000000e+01    0.0000000000e+00   -1.0478195935e+01    1.0000000000e+00    1.0000000000e+00
       850   -1.0542309127e+01    3.2217622535e-01    6.1022391932e+01    6.1000000000e+01    0.0000000000e+00   -1.0478447940e+01    9.9874331211e-01    1.0000000000e+00
       851   -1.0622737565e+01    6.2508217222e-01    6.1031309073e+01    6.1000000000e+01    0.0000000000e+00   -1.0478584920e+01    1.0000000000e+00    1.0000000000e+00
       852   -1.0526362599e+01    2.9506968334e-01    6.1028816446e+01    6.1000000000e+01    0.0000000000e+00   -1.0478851375e+01    1.0000000000e+00    1.0000000000e+00
       853   -1.0445708835e+01    2.9181480765e-01    6.1001983106e+01    6.1000000000e+01    0.0000000000e+00   -1.0478810551e+01    1.0000000000e+00    1.0000000000e+00
       854   -1.0441982684e+01    3.3085676765e-01    6.0989323044e+01    6.1000000000e+01    0.0000000000e+00   -1.0478270475e+01    1.0000000000e+00    1.0000000000e+00
       855   -1.0413690164e+01    3.2474490666e-01    6.0984538335e+01    6.1000000000e+01    0.0000000000e+00   -1.0477958242e+01    1.0000000000e+00    1.0000000000e+00
       856   -1.0424480511e+01    3.4024627998e-01    6.0981935926e+01    6.1000000000e+01    0.0000000000e+00   -1.0477740268e+01    9.9573093823e-01    1.0000000000e+00
       857   -1.0427041888e+01    2.2822895059e-01    6.0984032072e+01    6.1000000000e+01    0.0000000000e+00   -1.0477571791e+01    1.0000000000e+00    9.8360655738e-01
       858   -1.0429057118e+01    2.0338124158e-01    5.9987033932e+01    6.0000000000e+01    0.0000000000e+00   -1.0477483843e+01    9.8966201661e-01    1.0000000000e+00
       859   -1.0364020311e+01    2.5774213091e-01    5.9980611474e+01    6.0000000000e+01    0.0000000000e+00   -1.0460880693e+01    9.9541430983e-01    1.0000000000e+00
       860   -1.0353256943e+01    2.5998640421e-01    5.9969379170e+01    6.0000000000e+01    0.0000000000e+00   -1.0460574098e+01    1.0000000000e+00    1.0000000000e+00
       861   -1.0371867293e+01    1.6514199289e-01    5.9970662591e+01    6.0000000000e+01    0.0000000000e+00   -1.0460174511e+01    1.0000000000e+00    1.0000000000e+00
       862   -1.0386538551e+01    2.0951709746e-01    5.9975716774e+01    6.0000000000e+01    0.0000000000e+00   -1.0460007049e+01    9.9532574287e-01    1.0000000000e+00
       863   -1.0443850585e+01    1.8215103072e-01    5.9986498171e+01    6.0000000000e+01    0.0000000000e+00   -1.0459920971e+01    1.0000000000e+00    1.0000000000e+00
       864   -1.0499768280e+01    1.8844342460e-01    6.0003404602e+01    6.0000000000e+01    0.0000000000e+00   -1.0460001193e+01    9.9570312179e-01    1.0000000000e+00
       865   -1.0510584861e+01    2.4017228920e-01    6.0013295603e+01    6.0000000000e+01    0.0000000000e+00   -1.0460252320e+01    9.9649327838e-01    1.0000000000e+00
       866   -1.0521074354e+01    2.7909196740e-01    6.0016410918e+01    6.0000000000e+01    0.0000000000e+00   -1.0460399807e+01    1.0000000000e+00    1.0000000000e+00
       867   -1.0576752064e+01    2.4729594535e-01    6.0026276074e+01    6.0000000000e+01    0.0000000000e+00   -1.0460447258e+01    9.9568010821e-01    1.0000000000e+00
       868   -1.0572053127e+01    2.9166125923e-01    6.0033825769e+01    6.0000000000e+01    0.0000000000e+00   -1.0460675237e+01    1.0000000000e+00    1.0000000000e+00
       869   -1.0514400360e+01    2.9305769694e-01    6.0024436029e+01    6.0000000000e+01    0.0000000000e+00   -1.0460858728e+01    9.9574793659e-01    1.0000000000e+00
       870   -1.0503525267e+01    3.3134969176e-01    6.0014227670e+01    6.0000000000e+01    0.0000000000e+00   -1.0460689584e+01    9.9720485590e-01    1.0000000000e+00
       871   -1.0516373789e+01    3.4215877325e-01    6.0014565762e+01    6.0000000000e+01    0.0000000000e+00   -1.0460493561e+01    9.9360213648e-01    1.0000000000e+00
       872   -1.0545379065e+01    4.4066337989e-01    6.0020797085e+01    6.0000000000e+01    0.0000000000e+00   -1.0460488950e+01    9.9776917343e-01    1.0000000000e+00
       873   -1.0613333463e+01    7.1868794388e-01    6.0035169411e+01    6.0000000000e+01    0.0000000000e+00   -1.0460617798e+01    1.0000000000e+00    1.0000000000e+00
       874   -1.0544261199e+01    7.4846829216e-01    6.0034790261e+01    6.0000000000e+01    0.0000000000e+00   -1.0460964657e+01    1.0000000000e+00    1.0000000000e+00
       875   -1.0622462819e+01    8.7167655921e-01    6.0036050963e+01    6.0000000000e+01    0.0000000000e+00   -1.0460981789e+01    9.9852098574e-01    1.0000000000e+00
       876   -1.0491788663e+01    1.0754853971e+00    6.0028078708e+01    6.0000000000e+01    0.0000000000e+00   -1.0461120854e+01    1.0000000000e+00    1.0000000000e+00
       877   -1.0563034427e+01    7.6199243543e-01    6.0019240974e+01    6.0000000000e+01    0.0000000000e+00   -1.0460947824e+01    9.9159772307e-01    1.0000000000e+00
       878   -1.0460313947e+01    5.6574522425e-01    6.0014715560e+01    6.0000000000e+01    0.0000000000e+00   -1.0460846499e+01    9.9176210586e-01    1.0000000000e+00
       879   -1.0561199104e+01    4.9746075419e-01    6.0014579190e+01    6.0000000000e+01    0.0000000000e+00   -1.0460692990e+01    1.0000000000e+00    1.0000000000e+00
       880   -1.0513748279e+01    5.0039932057e-01    6.0022598092e+01    6.0000000000e+01    0.0000000000e+00   -1.0460734348e+01    9.9658364316e-01    1.0000000000e+00
       881   -1.0443140605e+01    4.9990413344e-01    6.1006691993e+01    6.1000000000e+01    0.0000000000e+00   -1.0460854379e+01    9.9825218016e-01    1.0000000000e+00
       882   -1.0482022101e+01    5.1611300692e-01    6.0995252555e+01    6.1000000000e+01    0.0000000000e+00   -1.0477018408e+01    9.9219867672e-01    1.0000000000e+00
       883   -1.0440296895e+01    5.0816374984e-01    6.0994900586e+01    6.1000000000e+01    0.0000000000e+00   -1.0476779383e+01    9.9814193683e-01    9.8360655738e-01
       884   -1.0485534572e+01    4.1599748759e-01    5.9996681475e+01    6.0000000000e+01    0.0000000000e+00   -1.0476672210e+01    9.9629191621e-01    1.0000000000e+00
       885   -1.0473452460e+01    3.6318349505e-01    6.0005494216e+01    6.0000000000e+01    0.0000000000e+00   -1.0460124216e+01    9.9360247459e-01    1.0000000000e+00
       886   -1.0538753416e+01    3.3879581628e-01    6.0013461220e+01    6.0000000000e+01    0.0000000000e+00   -1.0460209770e+01    1.0000000000e+00    1.0000000000e+00
       887   -1.0523698475e+01    2.4272188737e-01    6.0020979629e+01    6.0000000000e+01    0.0000000000e+00   -1.0460359374e+01    1.0000000000e+00    1.0000000000e+00
       888   -1.0566398510e+01    2.3522768958e-01    6.0025102724e+01    6.0000000000e+01    0.0000000000e+00   -1.0460483482e+01    9.9854727566e-01    1.0000000000e+00
       889   -1.0489065787e+01    2.5229845231e-01    6.0019911862e+01    6.0000000000e+01    0.0000000000e+00   -1.0460601907e+01    1.0000000000e+00    1.0000000000e+00
       890   -1.0551707349e+01    3.7090646008e-01    6.0017731988e+01    6.0000000000e+01    0.0000000000e+00   -1.0460472977e+01    9.9547676325e-01    1.0000000000e+00
       891   -1.0618772177e+01    5.8443324194e-01    6.0037043768e+01    6.0000000000e+01    0.0000000000e+00   -1.0460468794e+01    9.8601926886e-01    1.0000000000e+00
       892   -1.0587439128e+01    3.8994718048e-01    6.0042280950e+01    6.0000000000e+01    0.0000000000e+00   -1.0460902221e+01    1.0000000000e+00    1.0000000000e+00
       893   -1.0650944113e+01    4.5674343784e-01    6.0047057692e+01    6.0000000000e+01    0.0000000000e+00   -1.0461063727e+01    9.9659977057e-01    1.0000000000e+00
       894   -1.0609408421e+01    3.0006620335e-01    6.0050227083e+01    6.0000000000e+01    0.0000000000e+00   -1.0461292624e+01    9.9272571464e-01    1.0000000000e+00
       895   -1.0545608732e+01    4.3483887361e-01    6.0034471668e+01    6.0000000000e+01    0.0000000000e+00   -1.0461445240e+01    9.9174971219e-01    1.0000000000e+00
       896   -1.0568998553e+01    9.5125808199e-01    6.1031215894e+01    6.1000000000e+01    0.0000000000e+00   -1.0461207022e+01    9.8894027594e-01    1.0000000000e+00
       897   -1.0714940219e+01    1.3338706329e+00    6.2055449147e+01    6.2000000000e+01    0.0000000000e+00   -1.0477725310e+01    9.9466207785e-01    1.0000000000e+00
       898   -1.0554142437e+01    5.9085969608e-01    6.2042517967e+01    6.2000000000e+01    0.0000000000e+00   -1.0494591890e+01    9.8696843063e-01    1.0000000000e+00
       899   -1.0580226324e+01    4.8925011118e-01    6.2021993821e+01    6.2000000000e+01    0.0000000000e+00   -1.0494417287e+01    9.9281965738e-01    1.0000000000e+00
       900   -1.0590927292e+01    3.5560476205e-01    6.2027901238e+01    6.2000000000e+01    0.0000000000e+00   -1.0494150832e+01    9.8538150929e-01    1.0000000000e+00
       901   -1.0601866229e+01    6.1546610920e-01    6.2031236201e+01    6.2000000000e+01    0.0000000000e+00   -1.0494322904e+01    9.9367354310e-01    1.0000000000e+00
       902   -1.0520263862e+01    4.0625230738e-01    6.2020239467e+01    6.2000000000e+01    0.0000000000e+00   -1.0494466157e+01    9.9389906827e-01    1.0000000000e+00
       903   -1.0476530495e+01    4.1017373643e-01    6.2000977913e+01    6.2000000000e+01    0.0000000000e+00   -1.0494282478e+01    9.9428672263e-01    1.0000000000e+00
       904   -1.0453791933e+01    4.6986570355e-01    6.1990812969e+01    6.2000000000e+01    0.0000000000e+00   -1.0493914280e+01    9.8778434767e-01    1.0000000000e+00
       905   -1.0443073409e+01    3.4802063717e-01    6.1985726516e+01    6.2000000000e+01    0.0000000000e+00   -1.0493666277e+01    9.9241389378e-01    1.0000000000e+00
       906   -1.0519760081e+01    2.9110975884e-01    6.1996008840e+01    6.2000000000e+01    0.0000000000e+00   -1.0493487856e+01    9.9275883691e-01    1.0000000000e+00
       907   -1.0498544509e+01    3.1002698174e-01    6.2004582234e+01    6.2000000000e+01    0.0000000000e+00   -1.0493647065e+01    1.0000000000e+00    1.0000000000e+00
       908   -1.0520596514e+01    3.2352228995e-01    6.2004673935e+01    6.2000000000e+01    0.0000000000e+00   -1.0493753975e+01    1.0000000000e+00    1.0000000000e+00
       909   -1.0473033893e+01    3.5013411983e-01    6.2000722996e+01    6.2000000000e+01    0.0000000000e+00   -1.0493749828e+01    1.0000000000e+00    1.0000000000e+00
       910   -1.0474692975e+01    3.0294096889e-01    6.1993655039e+01    6.2000000000e+01    0.0000000000e+00   -1.0493625188e+01    9.9505415269e-01    1.0000000000e+00
       911   -1.0512854898e+01    2.5418800048e-01    6.1999885773e+01    6.2000000000e+01    0.0000000000e+00   -1.0493452335e+01    9.9664985024e-01    1.0000000000e+00
       912   -1.0555135664e+01    2.3829886657e-01    6.3013939449e+01    6.3000000000e+01    0.0000000000e+00   -1.0493538394e+01    9.8731784562e-01    1.0000000000e+00
       913   -1.0447026271e+01    4.7706211502e-01    6.2997048715e+01    6.3000000000e+01    0.0000000000e+00   -1.0509796399e+01    9.9517766620e-01    1.0000000000e+00
       914   -1.0452576264e+01    3.7822527901e-01    6.2981013114e+01    6.3000000000e+01    0.0000000000e+00   -1.0509437694e+01    9.8898371007e-01    1.0000000000e+00
       915   -1.0411187978e+01    3.3560991952e-01    6.2975481020e+01    6.3000000000e+01    0.0000000000e+00   -1.0509099120e+01    1.0000000000e+00    9.8412698413e-01
       916   -1.0471000541e+01    2.5812575405e-01    6.1980233635e+01    6.2000000000e+01    0.0000000000e+00   -1.0508879684e+01    9.9683004296e-01    1.0000000000e+00
       917   -1.0600338920e+01    2.6989771670e-01    6.2013023197e+01    6.2000000000e+01    0.0000000000e+00   -1.0492887443e+01    1.0000000000e+00    1.0000000000e+00
       918   -1.0580812744e+01    2.6475150595e-01    6.2029808846e+01    6.2000000000e+01    0.0000000000e+00   -1.0493503183e+01    1.0000000000e+00    1.0000000000e+00
       919   -1.0549655542e+01    2.1064245488e-01    6.2021888282e+01    6.2000000000e+01    0.0000000000e+00   -1.0493838004e+01    1.0000000000e+00    1.0000000000e+00
       920   -1.0477544911e+01    2.2882306987e-01    6.2005977061e+01    6.2000000000e+01    0.0000000000e+00   -1.0493738524e+01    9.9583743078e-01    1.0000000000e+00
       921   -1.0385377552e+01    1.8088940787e-01    6.1980707719e+01    6.2000000000e+01    0.0000000000e+00   -1.0493427312e+01    9.9820526911e-01    1.0000000000e+00
       922   -1.0397033007e+01    2.0947703187e-01    6.1968465908e+01    6.2000000000e+01    0.0000000000e+00   -1.0492859489e+01    1.0000000000e+00    1.0000000000e+00
       923   -1.0347895803e+01    2.5780479337e-01    6.1962780749e+01    6.2000000000e+01    0.0000000000e+00   -1.0492515469e+01    9.9134298787e-01    1.0000000000e+00
       924   -1.0380575900e+01    2.2502332448e-01    6.1960314830e+01    6.2000000000e+01    0.0000000000e+00   -1.0492221345e+01    9.9150633588e-01    1.0000000000e+00
       925   -1.0370073410e+01    2.4451796489e-01    6.1963791749e+01    6.2000000000e+01    0.0000000000e+00   -1.0492016982e+01    1.0000000000e+00    1.0000000000e+00
       926   -1.0348407297e+01    4.2995978847e-01    6.1958831162e+01    6.2000000000e+01    0.0000000000e+00   -1.0491896917e+01    9.9324185317e-01    1.0000000000e+00
       927   -1.0427824137e+01    2.3916225858e-01    6.1967792870e+01    6.2000000000e+01    0.0000000000e+00   -1.0491616376e+01    9.9906528625e-01    1.0000000000e+00
       928   -1.0430533040e+01    2.4266771034e-01    6.1980517853e+01    6.2000000000e+01    0.0000000000e+00   -1.0491651432e+01    1.0000000000e+00    1.0000000000e+00
       929   -1.0413436871e+01    2.9641686109e-01    6.1978263955e+01    6.2000000000e+01    0.0000000000e+00   -1.0491750518e+01    9.9740356174e-01    1.0000000000e+00
       930   -1.0308328772e+01    6.8030934809e-01    6.1959353874e+01    6.2000000000e+01    0.0000000000e+00   -1.0491588724e+01    1.0000000000e+00    1.0000000000e+00
       931   -1.0435033419e+01    2.9983543789e-01    6.2964597619e+01    6.3000000000e+01    0.0000000000e+00   -1.0491039121e+01    1.0000000000e+00    1.0000000000e+00
       932   -1.0443005916e+01    2.6672606548e-01    6.2978443943e+01    6.3000000000e+01    0.0000000000e+00   -1.0507032921e+01    1.0000000000e+00    9.8412698413e-01
       933   -1.0525221165e+01    2.6423054958e-01    6.1993596022e+01    6.2000000000e+01    0.0000000000e+00   -1.0507161821e+01    1.0000000000e+00    9.8387096774e-01
       934   -1.0532910706e+01    2.0980433705e-01    6.1015988670e+01    6.1000000000e+01    0.0000000000e+00   -1.0491402630e+01    9.9653039074e-01    1.0000000000e+00
       935   -1.0525832041e+01    1.7253878628e-01    6.1016238120e+01    6.1000000000e+01    0.0000000000e+00   -1.0475518390e+01    9.9839799279e-01    1.0000000000e+00
       936   -1.0505477563e+01    2.3611409240e-01    6.1012066373e+01    6.1000000000e+01    0.0000000000e+00   -1.0475525375e+01    9.9442611398e-01    1.0000000000e+00
       937   -1.0509444713e+01    1.8068678032e-01    6.1009590779e+01    6.1000000000e+01    0.0000000000e+00   -1.0475436944e+01    9.9726114360e-01    1.0000000000e+00
       938   -1.0445074824e+01    2.2937487844e-01    6.1000431185e+01    6.1000000000e+01    0.0000000000e+00   -1.0475380823e+01    9.9227433023e-01    1.0000000000e+00
       939   -1.0482087665e+01    2.7024853254e-01    6.0996331394e+01    6.1000000000e+01    0.0000000000e+00   -1.0475142761e+01    9.9742105962e-01    1.0000000000e+00
       940   -1.0435651580e+01    3.8362102624e-01    6.0994888969e+01    6.1000000000e+01    0.0000000000e+00   -1.0475029418e+01    9.9120219340e-01    1.0000000000e+00
       941   -1.0409296322e+01    3.1125044563e-01    6.0983835605e+01    6.1000000000e+01    0.0000000000e+00   -1.0474907625e+01    9.9102048275e-01    1.0000000000e+00
       942   -1.0453233029e+01    3.8019361033e-01    6.0986606437e+01    6.1000000000e+01    0.0000000000e+00   -1.0474598920e+01    1.0000000000e+00    1.0000000000e+00
       943   -1.0472322688e+01    3.5292409709e-01    6.0996164113e+01    6.1000000000e+01    0.0000000000e+00   -1.0474566370e+01    1.0000000000e+00    1.0000000000e+00
       944   -1.0445277577e+01    3.1864194950e-01    6.0994926693e+01    6.1000000000e+01    0.0000000000e+00   -1.0474666618e+01    9.9427942074e-01    1.0000000000e+00
       945   -1.0379443615e+01    3.4106521496e-01    6.0980857020e+01    6.1000000000e+01    0.0000000000e+00   -1.0474559782e+01    9.9439918849e-01    1.0000000000e+00
       946   -1.0385861902e+01    3.5509200695e-01    6.0971958072e+01    6.1000000000e+01    0.0000000000e+00   -1.0474169255e+01    1.0000000000e+00    1.0000000000e+00
       947   -1.0443237602e+01    2.2753377270e-01    6.0981748830e+01    6.1000000000e+01    0.0000000000e+00   -1.0473870995e+01    9.8844035999e-01    1.0000000000e+00
       948   -1.0394488566e+01    2.4622727461e-01    6.0983080623e+01    6.1000000000e+01    0.0000000000e+00   -1.0473943473e+01    9.9884163165e-01    1.0000000000e+00
       949   -1.0469533678e+01    2.2230999700e-01    6.0987128352e+01    6.1000000000e+01    0.0000000000e+00   -1.0473823195e+01    9.9790042335e-01    1.0000000000e+00
       950   -1.0450094044e+01    2.8228909093e-01    6.0995573673e+01    6.1000000000e+01    0.0000000000e+00   -1.0473831149e+01    9.9974005505e-01    1.0000000000e+00
       951   -1.0417976100e+01    4.3811687739e-01    6.1988127825e+01    6.2000000000e+01    0.0000000000e+00   -1.0473889753e+01    1.0000000000e+00    1.0000000000e+00
       952   -1.0433019466e+01    5.0191650932e-01    6.1979805684e+01    6.2000000000e+01    0.0000000000e+00   -1.0489916040e+01    9.8241785136e-01    1.0000000000e+00
       953   -1.0406025755e+01    4.2460560093e-01    6.1977982771e+01    6.2000000000e+01    0.0000000000e+00   -1.0489683397e+01    9.8905570328e-01    1.0000000000e+00
       954   -1.0458322621e+01    3.3958917452e-01    6.1981984704e+01    6.2000000000e+01    0.0000000000e+00   -1.0489525963e+01    9.8832542328e-01    1.0000000000e+00
       955   -1.0501391811e+01    3.4421097672e-01    6.1996760511e+01    6.2000000000e+01    0.0000000000e+00   -1.0489520579e+01    9.9633413241e-01    1.0000000000e+00
       956   -1.0478781163e+01    3.5091110174e-01    6.1999862085e+01    6.2000000000e+01    0.0000000000e+00   -1.0489736678e+01    9.9495998677e-01    1.0000000000e+00
       957   -1.0544434816e+01    4.2764127471e-01    6.2006498618e+01    6.2000000000e+01    0.0000000000e+00   -1.0489739565e+01    9.9726222952e-01    1.0000000000e+00
       958   -1.0488687823e+01    2.2337214397e-01    6.2007989571e+01    6.2000000000e+01    0.0000000000e+00   -1.0489871869e+01    1.0000000000e+00    1.0000000000e+00
       959   -1.0497856380e+01    2.0732425376e-01    6.2000882387e+01    6.2000000000e+01    0.0000000000e+00   -1.0489859799e+01    1.0000000000e+00    1.0000000000e+00
       960   -1.0532023941e+01    2.9824484892e-01    6.2007625849e+01    6.2000000000e+01    0.0000000000e+00   -1.0489719216e+01    9.9703435941e-01    1.0000000000e+00
       961   -1.0508364047e+01    2.6925092786e-01    6.2009185563e+01    6.2000000000e+01    0.0000000000e+00   -1.0489839577e+01    1.0000000000e+00    9.8387096774e-01
       962   -1.0583745749e+01    3.2032152283e-01    6.1017508116e+01    6.1000000000e+01    0.0000000000e+00   -1.0489850365e+01    1.0000000000e+00    1.0000000000e+00
       963   -1.0565650164e+01    2.6607410409e-01    6.1030473142e+01    6.1000000000e+01    0.0000000000e+00   -1.0473796909e+01    9.9642281038e-01    1.0000000000e+00
       964   -1.0529235060e+01    2.8222231551e-01    6.1022114010e+01    6.1000000000e+01    0.0000000000e+00   -1.0474057650e+01    9.9740530894e-01    1.0000000000e+00
       965   -1.0496313307e+01    5.1654466343e-01    6.1011566916e+01    6.1000000000e+01    0.0000000000e+00   -1.0473929054e+01    1.0000000000e+00    1.0000000000e+00
       966   -1.0314810542e+01    2.5658738423e+00    6.0978575532e+01    6.1000000000e+01    0.0000000000e+00   -1.0473728619e+01    9.9650151826e-01    1.0000000000e+00
       967   -1.0469135471e+01    2.6864042350e-01    6.0974493878e+01    6.1000000000e+01    0.0000000000e+00   -1.0472962283e+01    1.0000000000e+00    1.0000000000e+00
       968   -1.0482188503e+01    2.9917584463e-01    6.1000631980e+01    6.1000000000e+01    0.0000000000e+00   -1.0472838496e+01    9.9606783070e-01    1.0000000000e+00
       969   -1.0358224315e+01    3.8895256515e-01    6.0983666862e+01    6.1000000000e+01    0.0000000000e+00   -1.0473224555e+01    9.9701000970e-01    1.0000000000e+00
       970   -1.0468143838e+01    3.0110495189e-01    6.0981662925e+01    6.1000000000e+01    0.0000000000e+00   -1.0472769230e+01    9.9319926266e-01    1.0000000000e+00
       971   -1.0393270592e+01    4.4059825191e-01    6.0987000647e+01    6.1000000000e+01    0.0000000000e+00   -1.0472678929e+01    9.8850403104e-01    1.0000000000e+00
       972   -1.0442882179e+01    2.9342973521e-01    6.0983174784e+01    6.1000000000e+01    0.0000000000e+00   -1.0472627932e+01    1.0000000000e+00    1.0000000000e+00
       973   -1.0475696518e+01    2.5345028014e-01    6.0995772943e+01    6.1000000000e+01    0.0000000000e+00   -1.0472480725e+01    9.9429535639e-01    1.0000000000e+00
       974   -1.0444900340e+01    2.0948048097e-01    6.0996073948e+01    6.1000000000e+01    0.0000000000e+00   -1.0472638512e+01    9.9375351937e-01    1.0000000000e+00
       975   -1.0460907944e+01    2.7114758113e-01    6.0993862314e+01    6.1000000000e+01    0.0000000000e+00   -1.0472561483e+01    9.9802261171e-01    1.0000000000e+00
       976   -1.0421911026e+01    3.0072229670e-01    6.0990377445e+01    6.1000000000e+01    0.0000000000e+00   -1.0472460723e+01    1.0000000000e+00    1.0000000000e+00
       977   -1.0421133198e+01    4.0251939819e-01    6.0984345019e+01    6.1000000000e+01    0.0000000000e+00   -1.0472297158e+01    9.9481166204e-01    1.0000000000e+00
       978   -1.0463378590e+01    4.0624248297e-01    6.0990671759e+01    6.1000000000e+01    0.0000000000e+00   -1.0472091208e+01    9.9149050715e-01    1.0000000000e+00
       979   -1.0495534431e+01    3.6280035414e-01    6.1001943239e+01    6.1000000000e+01    0.0000000000e+00   -1.0472133613e+01    9.9337025462e-01    1.0000000000e+00
       980   -1.0533549711e+01    4.4472235503e-01    6.1012561555e+01    6.1000000000e+01    0.0000000000e+00   -1.0472291777e+01    9.9288154538e-01    9.8360655738e-01
       981   -1.0555578290e+01    5.2119847061e-01    6.0023541351e+01    6.0000000000e+01    0.0000000000e+00   -1.0472480092e+01    9.9649971283e-01    1.0000000000e+00
       982   -1.0587663956e+01    4.1619086210e-01    6.1036413381e+01    6.1000000000e+01    0.0000000000e+00   -1.0456175033e+01    9.9162596891e-01    1.0000000000e+00
       983   -1.0546991782e+01    3.3798085825e-01    6.1028383344e+01    6.1000000000e+01    0.0000000000e+00   -1.0472980998e+01    9.9070988001e-01    1.0000000000e+00
       984   -1.0489754577e+01    4.5493231788e-01    6.1013569229e+01    6.1000000000e+01    0.0000000000e+00   -1.0472877905e+01    9.9565320481e-01    1.0000000000e+00
       985   -1.0483635400e+01    4.2148867587e-01    6.2005131436e+01    6.2000000000e+01    0.0000000000e+00   -1.0472602335e+01    9.9365666549e-01    1.0000000000e+00
       986   -1.0492665975e+01    3.8300423067e-01    6.1999532887e+01    6.2000000000e+01    0.0000000000e+00   -1.0488683929e+01    9.9383987578e-01    1.0000000000e+00
       987   -1.0446497029e+01    3.2153951288e-01    6.1993857802e+01    6.2000000000e+01    0.0000000000e+00   -1.0488564088e+01    1.0000000000e+00    1.0000000000e+00
       988   -1.0443069314e+01    2.5876233245e-01    6.2986469518e+01    6.3000000000e+01    0.0000000000e+00   -1.0488393847e+01    9.8778836197e-01    1.0000000000e+00
       989   -1.0461495665e+01    2.5978404281e-01    6.2983509207e+01    6.3000000000e+01    0.0000000000e+00   -1.0504196283e+01    9.9781949326e-01    1.0000000000e+00
       990   -1.0492211000e+01    2.8237053289e-01    6.2991259043e+01    6.3000000000e+01    0.0000000000e+00   -1.0504086874e+01    9.9734864152e-01    1.0000000000e+00
       991   -1.0438362745e+01    5.2062566168e-01    6.2987550189e+01    6.3000000000e+01    0.0000000000e+00   -1.0504180277e+01    9.9397772814e-01    1.0000000000e+00
       992   -1.0405781866e+01    7.9148161086e-01    6.2973899273e+01    6.3000000000e+01    0.0000000000e+00   -1.0504034662e+01    9.9611634245e-01    1.0000000000e+00
       993   -1.0441786341e+01    1.8788785616e+00    6.2974158930e+01    6.3000000000e+01    0.0000000000e+00   -1.0503696813e+01    1.0000000000e+00    1.0000000000e+00
       994   -1.0478561905e+01    6.2401402833e-01    6.2985460624e+01    6.3000000000e+01    0.0000000000e+00   -1.0503618231e+01    1.0000000000e+00    1.0000000000e+00
       995   -1.0504991928e+01    9.1509606715e-01    6.2995546079e+01    6.3000000000e+01    0.0000000000e+00   -1.0503754067e+01    9.9429030315e-01    1.0000000000e+00
       996   -1.0514964055e+01    2.9978518883e-01    6.3001394322e+01    6.3000000000e+01    0.0000000000e+00   -1.0503898595e+01    1.0000000000e+00    9.8412698413e-01
       997   -1.0599757474e+01    1.6772126447e-01    6.2023628137e+01    6.2000000000e+01    0.0000000000e+00   -1.0503986407e+01    1.0000000000e+00    1.0000000000e+00
       998   -1.0584001652e+01    2.0536555428e-01    6.2031844859e+01    6.2000000000e+01    0.0000000000e+00   -1.0488429395e+01    9.9392427744e-01    1.0000000000e+00
       999   -1.0561168795e+01    2.6305976788e-01    6.2025799726e+01    6.2000000000e+01    0.0000000000e+00   -1.0488629519e+01    9.9763974603e-01    1.0000000000e+00
      1000   -1.0520220127e+01    2.5865220866e-01    6.2015931715e+01    6.2000000000e+01    0.0000000000e+00   -1.0488575540e+01    9.8937716281e-01    1.0000000000e+00
      1001   -1.0510051394e+01    4.2881077666e-01    6.2008033535e+01    6.2000000000e+01    0.0000000000e+00   -1.0488416760e+01    9.9025727442e-01    1.0000000000e+00
      1002   -1.0538993359e+01    2.4371760313e-01    6.2010961873e+01    6.2000000000e+01    0.0000000000e+00   -1.0488279041e+01    9.9192650331e-01    1.0000000000e+00
      1003   -1.0503296138e+01    2.7770262716e-01    6.2009927867e+01    6.2000000000e+01    0.0000000000e+00   -1.0488346301e+01    9.9090454735e-01    1.0000000000e+00
      1004   -1.0513718975e+01    3.1204819603e-01    6.2006038079e+01    6.2000000000e+01    0.0000000000e+00   -1.0488312203e+01    9.9542081155e-01    1.0000000000e+00
      1005   -1.0549724135e+01    2.7620578840e-01    6.2013236764e+01    6.2000000000e+01    0.0000000000e+00   -1.0488243000e+01    9.9544855895e-01    1.0000000000e+00
      1006   -1.0569633939e+01    2.4652331919e-01    6.2021828273e+01    6.2000000000e+01    0.0000000000e+00   -1.0488390292e+01    9.9753312616e-01    1.0000000000e+00
      1007   -1.0498545832e+01    2.8735270795e-01    6.2013879611e+01    6.2000000000e+01    0.0000000000e+00   -1.0488580768e+01    1.0000000000e+00    1.0000000000e+00
      1008   -1.0530380104e+01    3.2906324274e-01    6.2007840490e+01    6.2000000000e+01    0.0000000000e+00   -1.0488430229e+01    9.9315284618e-01    1.0000000000e+00
      1009   -1.0552327878e+01    4.2764467181e-01    6.2016124586e+01    6.2000000000e+01    0.0000000000e+00   -1.0488343712e+01    1.0000000000e+00    1.0000000000e+00
      1010   -1.0548542765e+01    3.1791456789e-01    6.2018866434e+01    6.2000000000e+01    0.0000000000e+00   -1.0488511011e+01    1.0000000000e+00    1.0000000000e+00
      1011   -1.0551004475e+01    3.8432485724e-01    6.2018640565e+01    6.2000000000e+01    0.0000000000e+00   -1.0488584923e+01    9.9423089629e-01    1.0000000000e+00
      1012   -1.0487983315e+01    3.3136773457e-01    6.2009292634e+01    6.2000000000e+01    0.0000000000e+00   -1.0488613480e+01    1.0000000000e+00    1.0000000000e+00
      1013   -1.0538483654e+01    3.1257264274e-01    6.3008507064e+01    6.3000000000e+01    0.0000000000e+00   -1.0488429430e+01    9.9200064233e-01    9.6825396825e-01
      1014   -1.0487882998e+01    3.2528799249e-01    6.1005077383e+01    6.1000000000e+01    0.0000000000e+00   -1.0504434069e+01    9.9765310910e-01    1.0000000000e+00
      1015   -1.0493798116e+01    2.5266229983e-01    6.1005498063e+01    6.1000000000e+01    0.0000000000e+00   -1.0472088085e+01    9.9489145030e-01    1.0000000000e+00
      1016   -1.0525217908e+01    3.0769384455e-01    6.1011189387e+01    6.1000000000e+01    0.0000000000e+00   -1.0472067842e+01    9.8123745851e-01    1.0000000000e+00
      1017   -1.0511772946e+01    3.2426673562e-01    6.1013872824e+01    6.1000000000e+01    0.0000000000e+00   -1.0472166539e+01    9.9453617485e-01    1.0000000000e+00
      1018   -1.0542317004e+01    4.9982190164e-01    6.1016412064e+01    6.1000000000e+01    0.0000000000e+00   -1.0472202030e+01    9.9568921130e-01    1.0000000000e+00
      1019   -1.0581880298e+01    2.3692539148e-01    6.1027051903e+01    6.1000000000e+01    0.0000000000e+00   -1.0472266694e+01    9.9142674851e-01    1.0000000000e+00
      1020   -1.0534802395e+01    2.6204231792e-01    6.1025910263e+01    6.1000000000e+01    0.0000000000e+00   -1.0472504842e+01    1.0000000000e+00    1.0000000000e+00
      1021   -1.0547081274e+01    3.4017828381e-01    6.1020606991e+01    6.1000000000e+01    0.0000000000e+00   -1.0472501307e+01    9.9960425465e-01    1.0000000000e+00
      1022   -1.0504554030e+01    3.4299664344e-01    6.1015999877e+01    6.1000000000e+01    0.0000000000e+00   -1.0472442174e+01    9.9488454649e-01    1.0000000000e+00
      1023   -1.0501685542e+01    3.4619351335e-01    6.1009113291e+01    6.1000000000e+01    0.0000000000e+00   -1.0472350679e+01    9.9505526056e-01    9.8360655738e-01
      1024   -1.0580790554e+01    3.3407012179e-01    6.1022158157e+01    6.1000000000e+01    0.0000000000e+00   -1.0472218904e+01    9.9313956100e-01    1.0000000000e+00
      1025   -1.0574421937e+01    3.7384641753e-01    6.1031723368e+01    6.1000000000e+01    0.0000000000e+00   -1.0472494968e+01    9.9052853531e-01    1.0000000000e+00
      1026   -1.0590851962e+01    3.8707479667e-01    6.1033169499e+01    6.1000000000e+01    0.0000000000e+00   -1.0472707321e+01    9.9602582955e-01    1.0000000000e+00
      1027   -1.0712211587e+01    1.0881292545e+00    6.1053934910e+01    6.1000000000e+01    0.0000000000e+00   -1.0472803334e+01    9.8700733619e-01    1.0000000000e+00
      1028   -1.0624629121e+01    4.6338907605e-01    6.1058824116e+01    6.1000000000e+01    0.0000000000e+00   -1.0473339768e+01    9.8956053166e-01    1.0000000000e+00
      1029   -1.0595031312e+01    3.2010519360e-01    6.1041130172e+01    6.1000000000e+01    0.0000000000e+00   -1.0473526243e+01    9.9678774368e-01    1.0000000000e+00
      1030   -1.0556878775e+01    2.7197450063e-01    6.1030965620e+01    6.1000000000e+01    0.0000000000e+00   -1.0473312396e+01    1.0000000000e+00    1.0000000000e+00
      1031   -1.0499625460e+01    2.3636883501e-01    6.1016549272e+01    6.1000000000e+01    0.0000000000e+00   -1.0473182795e+01    9.9011975383e-01    1.0000000000e+00
      1032   -1.0476710164e+01    1.9409451380e-01    6.1004473317e+01    6.1000000000e+01    0.0000000000e+00   -1.0472925108e+01    9.9319171004e-01    1.0000000000e+00
      1033   -1.0505181230e+01    2.1580022866e-01    6.1005402778e+01    6.1000000000e+01    0.0000000000e+00   -1.0472682463e+01    1.0000000000e+00    1.0000000000e+00
      1034   -1.0564469486e+01    2.7651704794e-01    6.1018736790e+01    6.1000000000e+01    0.0000000000e+00   -1.0472682011e+01    1.0000000000e+00    1.0000000000e+00
      1035   -1.0600842641e+01    1.9259486883e-01    6.1033193875e+01    6.1000000000e+01    0.0000000000e+00   -1.0472945093e+01    9.9700918984e-01    1.0000000000e+00
      1036   -1.0642905859e+01    4.1322986917e-01    6.1044994877e+01    6.1000000000e+01    0.0000000000e+00   -1.0473263327e+01    1.0000000000e+00    1.0000000000e+00
      1037   -1.0531025763e+01    2.1591356877e-01    6.1034280175e+01    6.1000000000e+01    0.0000000000e+00   -1.0473580449e+01    9.9603327195e-01    1.0000000000e+00
      1038   -1.0546183203e+01    3.0361464980e-01    6.2021226522e+01    6.2000000000e+01    0.0000000000e+00   -1.0473415209e+01    1.0000000000e+00    1.0000000000e+00
      1039   -1.0602055897e+01    8.9216303482e-01    6.2025838282e+01    6.2000000000e+01    0.0000000000e+00   -1.0489481825e+01    1.0000000000e+00    1.0000000000e+00
      1040   -1.0526037835e+01    3.3440010471e-01    6.2022594867e+01    6.2000000000e+01    0.0000000000e+00   -1.0489638167e+01    1.0000000000e+00    1.0000000000e+00
      1041   -1.0492947462e+01    3.9292548789e-01    6.2005817652e+01    6.2000000000e+01    0.0000000000e+00   -1.0489590988e+01    1.0000000000e+00    1.0000000000e+00
      1042   -1.0430619459e+01    3.4100834535e-01    6.1991247306e+01    6.2000000000e+01    0.0000000000e+00   -1.0489292196e+01    9.9115701866e-01    1.0000000000e+00
      1043   -1.0466611856e+01    3.0026972097e-01    6.1987303719e+01    6.2000000000e+01    0.0000000000e+00   -1.0488966220e+01    1.0000000000e+00    1.0000000000e+00
      1044   -1.0450251978e+01    3.4058887603e-01    6.1990376417e+01    6.2000000000e+01    0.0000000000e+00   -1.0488848032e+01    9.9884111714e-01    1.0000000000e+00
      1045   -1.0484946598e+01    3.5468063377e-01    6.1993201208e+01    6.2000000000e+01    0.0000000000e+00   -1.0488826696e+01    9.8622397244e-01    9.8387096774e-01
      1046   -1.0538384699e+01    3.6213542222e-01    6.1007769052e+01    6.1000000000e+01    0.0000000000e+00   -1.0488836335e+01    9.9668294256e-01    9.6721311475e-01
      1047   -1.0588227855e+01    3.2131807681e-01    5.9031743969e+01    5.9000000000e+01    0.0000000000e+00   -1.0472830575e+01    9.9395963768e-01    1.0000000000e+00
      1048   -1.0596325657e+01    2.3952437805e-01    5.9044582448e+01    5.9000000000e+01    0.0000000000e+00   -1.0439972341e+01    9.9335187880e-01    1.0000000000e+00
      1049   -1.0536787413e+01    2.5083632790e-01    5.9036961075e+01    5.9000000000e+01    0.0000000000e+00   -1.0440265423e+01    9.9901135060e-01    1.0000000000e+00
      1050   -1.0455027504e+01    2.3167056307e-01    5.9016231814e+01    5.9000000000e+01    0.0000000000e+00   -1.0440152268e+01    9.9552359061e-01    1.0000000000e+00
      1051   -1.0461533936e+01    1.7715512917e-01    6.1009261600e+01    6.1000000000e+01    0.0000000000e+00   -1.0439735304e+01    9.9734617856e-01    1.0000000000e+00
      1052   -1.0486216525e+01    2.0394230229e-01    6.1000169232e+01    6.1000000000e+01    0.0000000000e+00   -1.0472889311e+01    1.0000000000e+00    1.0000000000e+00
      1053   -1.0479511492e+01    1.6650601597e-01    6.1002960419e+01    6.1000000000e+01    0.0000000000e+00   -1.0472705841e+01    9.9622097079e-01    1.0000000000e+00
      1054   -1.0542595301e+01    1.5319876588e-01    6.1011540046e+01    6.1000000000e+01    0.0000000000e+00   -1.0472710560e+01    9.9191727366e-01    1.0000000000e+00
      1055   -1.0509226621e+01    2.0793130174e-01    6.1016002729e+01    6.1000000000e+01    0.0000000000e+00   -1.0472873008e+01    1.0000000000e+00    9.8360655738e-01
      1056   -1.0512476384e+01    2.2624358957e-01    6.0014343942e+01    6.0000000000e+01    0.0000000000e+00   -1.0472934752e+01    9.9524255424e-01    1.0000000000e+00
      1057   -1.0548765122e+01    2.4356671240e-01    6.0022052209e+01    6.0000000000e+01    0.0000000000e+00   -1.0456374034e+01    1.0000000000e+00    1.0000000000e+00
      1058   -1.0586955882e+01    2.5438673579e-01    6.0033120022e+01    6.0000000000e+01    0.0000000000e+00   -1.0456530335e+01    1.0000000000e+00    1.0000000000e+00
      1059   -1.0526090016e+01    2.3278959506e-01    6.0029653740e+01    6.0000000000e+01    0.0000000000e+00   -1.0456780377e+01    1.0000000000e+00    1.0000000000e+00
      1060   -1.0508437210e+01    2.3572889088e-01    6.0017938715e+01    6.0000000000e+01    0.0000000000e+00   -1.0456727906e+01    9.8480740049e-01    1.0000000000e+00
      1061   -1.0549179733e+01    2.2971251199e-01    6.0021461231e+01    6.0000000000e+01    0.0000000000e+00   -1.0456520532e+01    1.0000000000e+00    1.0000000000e+00
      1062   -1.0537506375e+01    2.0053840866e-01    6.0025786681e+01    6.0000000000e+01    0.0000000000e+00   -1.0456607304e+01    1.0000000000e+00    1.0000000000e+00
      1063   -1.0510224037e+01    2.0838061621e-01    6.0019939484e+01    6.0000000000e+01    0.0000000000e+00   -1.0456695870e+01    9.9159182763e-01    1.0000000000e+00
      1064   -1.0448121013e+01    1.9370806211e-01    6.0006614672e+01    6.0000000000e+01    0.0000000000e+00   -1.0456588019e+01    9.9391473848e-01    1.0000000000e+00
      1065   -1.0513469968e+01    1.7035912948e-01    6.0007199387e+01    6.0000000000e+01    0.0000000000e+00   -1.0456294389e+01    9.9602547642e-01    1.0000000000e+00
      1066   -1.0536257313e+01    1.8061223747e-01    6.0020380177e+01    6.0000000000e+01    0.0000000000e+00   -1.0456296995e+01    9.9858222326e-01    1.0000000000e+00
      1067   -1.0523499804e+01    1.3216111253e-01    6.0021821268e+01    6.0000000000e+01    0.0000000000e+00   -1.0456531906e+01    1.0000000000e+00    1.0000000000e+00
      1068   -1.0483247592e+01    1.6175883158e-01    6.0013898724e+01    6.0000000000e+01    0.0000000000e+00   -1.0456558636e+01    9.9758958126e-01    9.8333333333e-01
      1069   -1.0484687724e+01    2.0574707909e-01    5.9008680196e+01    5.9000000000e+01    0.0000000000e+00   -1.0456389846e+01    9.9844537994e-01    1.0000000000e+00
      1070   -1.0469281083e+01    1.7111789193e-01    5.9010908760e+01    5.9000000000e+01    0.0000000000e+00   -1.0439462917e+01    9.9887096208e-01    1.0000000000e+00
      1071   -1.0498935280e+01    2.2254853167e-01    5.9013007034e+01    5.9000000000e+01    0.0000000000e+00   -1.0439450359e+01    1.0000000000e+00    1.0000000000e+00
      1072   -1.0485516904e+01    2.2853395842e-01    5.9015371807e+01    5.9000000000e+01    0.0000000000e+00   -1.0439464707e+01    9.9313065627e-01    1.0000000000e+00
      1073   -1.0504770621e+01    2.5119292638e-01    5.9016212194e+01    5.9000000000e+01    0.0000000000e+00   -1.0439470494e+01    1.0000000000e+00    1.0000000000e+00
      1074   -1.0515456790e+01    4.5868948461e-01    6.0021650240e+01    6.0000000000e+01    0.0000000000e+00   -1.0439469319e+01    1.0000000000e+00    1.0000000000e+00
      1075   -1.0425385078e+01    2.1952041388e-01    6.0003968961e+01    6.0000000000e+01    0.0000000000e+00   -1.0456357505e+01    1.0000000000e+00    1.0000000000e+00
      1076   -1.0517814968e+01    1.5795768651e-01    6.0004517719e+01    6.0000000000e+01    0.0000000000e+00   -1.0455970141e+01    9.9537914677e-01    1.0000000000e+00
      1077   -1.0492863347e+01    1.8551151227e-01    6.0014645358e+01    6.0000000000e+01    0.0000000000e+00   -1.0455976727e+01    1.0000000000e+00    1.0000000000e+00
      1078   -1.0492631185e+01    1.8535495809e-01    6.0010836025e+01    6.0000000000e+01    0.0000000000e+00   -1.0456118669e+01    9.9649749385e-01    1.0000000000e+00
      1079   -1.0464128770e+01    3.8772897963e-01    6.0006520766e+01    6.0000000000e+01    0.0000000000e+00   -1.0456028195e+01    1.0000000000e+00    1.0000000000e+00
      1080   -1.0480934829e+01    2.4246364570e-01    6.0004777134e+01    6.0000000000e+01    0.0000000000e+00   -1.0455901665e+01    9.9763097177e-01    1.0000000000e+00
      1081   -1.0398225222e+01    1.9277972533e-01    5.9994989316e+01    6.0000000000e+01    0.0000000000e+00   -1.0455834395e+01    1.0000000000e+00    1.0000000000e+00
      1082   -1.0448734965e+01    2.3548029550e-01    5.9990267051e+01    6.0000000000e+01    0.0000000000e+00   -1.0455552982e+01    9.9048160468e-01    1.0000000000e+00
      1083   -1.0486905377e+01    3.6489987104e-01    6.0003533534e+01    6.0000000000e+01    0.0000000000e+00   -1.0455405110e+01    9.7241138280e-01    9.8333333333e-01
      1084   -1.0496327678e+01    4.2227966925e-01    5.9011353908e+01    5.9000000000e+01    0.0000000000e+00   -1.0455594120e+01    9.9074626623e-01    1.0000000000e+00
      1085   -1.0488283624e+01    4.0132122196e-01    5.9015422830e+01    5.9000000000e+01    0.0000000000e+00   -1.0438897589e+01    9.9751515214e-01    1.0000000000e+00
      1086   -1.0483086740e+01    3.6320368034e-01    5.9013476540e+01    5.9000000000e+01    0.0000000000e+00   -1.0438935875e+01    9.9615217177e-01    1.0000000000e+00
      1087   -1.0556755969e+01    3.8919846387e-01    5.9023568916e+01    5.9000000000e+01    0.0000000000e+00   -1.0438867279e+01    9.9754735636e-01    1.0000000000e+00
      1088   -1.0593590036e+01    3.7082151107e-01    5.9039760468e+01    5.9000000000e+01    0.0000000000e+00   -1.0439073708e+01    1.0000000000e+00    1.0000000000e+00
      1089   -1.0560924343e+01    2.8511946173e-01    6.0041980301e+01    6.0000000000e+01    0.0000000000e+00   -1.0439418803e+01    9.9460579506e-01    1.0000000000e+00
      1090   -1.0531940194e+01    2.7165099994e-01    6.0026745778e+01    6.0000000000e+01    0.0000000000e+00   -1.0456290932e+01    1.0000000000e+00    1.0000000000e+00
      1091   -1.0592508520e+01    5.1668622877e-01    6.0031517443e+01    6.0000000000e+01    0.0000000000e+00   -1.0456048513e+01    9.9694240718e-01    1.0000000000e+00
      1092   -1.0534616422e+01    4.2016577063e-01    6.0031850523e+01    6.0000000000e+01    0.0000000000e+00   -1.0456197453e+01    9.9555726422e-01    1.0000000000e+00
      1093   -1.0574367737e+01    4.9707838643e-01    6.0029129724e+01    6.0000000000e+01    0.0000000000e+00   -1.0456216813e+01    1.0000000000e+00    1.0000000000e+00
      1094   -1.0532109406e+01    4.2906514005e-01    6.0028703654e+01    6.0000000000e+01    0.0000000000e+00   -1.0456223351e+01    9.9282527421e-01    1.0000000000e+00
      1095   -1.0568244640e+01    3.3358054830e-01    6.0027803748e+01    6.0000000000e+01    0.0000000000e+00   -1.0456227576e+01    9.9342739072e-01    1.0000000000e+00
      1096   -1.0551248133e+01    2.2448989941e-01    6.0030723390e+01    6.0000000000e+01    0.0000000000e+00   -1.0456258433e+01    9.9119518423e-01    1.0000000000e+00
      1097   -1.0515587366e+01    2.1457292598e-01    6.0022875016e+01    6.0000000000e+01    0.0000000000e+00   -1.0456336596e+01    1.0000000000e+00    1.0000000000e+00
      1098   -1.0540346537e+01    2.5730685049e-01    6.0021298110e+01    6.0000000000e+01    0.0000000000e+00   -1.0456201291e+01    1.0000000000e+00    1.0000000000e+00
      1099   -1.0561449559e+01    2.6135172321e-01    6.0028145042e+01    6.0000000000e+01    0.0000000000e+00   -1.0456194074e+01    1.0000000000e+00    1.0000000000e+00
      1100   -1.0539442851e+01    2.8394356927e-01    6.0027955093e+01    6.0000000000e+01    0.0000000000e+00   -1.0456347258e+01    1.0000000000e+00    9.8333333333e-01
      1101   -1.0551196663e+01    3.0442680065e-01    5.9030295041e+01    5.9000000000e+01    0.0000000000e+00   -1.0456362197e+01    9.9826863246e-01    1.0000000000e+00
      1102   -1.0533833014e+01    2.8711278852e-01    5.9030063202e+01    5.9000000000e+01    0.0000000000e+00   -1.0439631853e+01    9.9687912788e-01    1.0000000000e+00
      1103   -1.0565444681e+01    2.7883934350e-01    5.9032142523e+01    5.9000000000e+01    0.0000000000e+00   -1.0439640622e+01    9.9182791703e-01    1.0000000000e+00
      1104   -1.0535084932e+01    2.6711851367e-01    5.9032311908e+01    5.9000000000e+01    0.0000000000e+00   -1.0439718510e+01    9.9923259146e-01    1.0000000000e+00
      1105   -1.0510294044e+01    2.9010440309e-01    5.9024201059e+01    5.9000000000e+01    0.0000000000e+00   -1.0439735185e+01    1.0000000000e+00    1.0000000000e+00
      1106   -1.0484024247e+01    4.2479704036e-01    5.9016707475e+01    5.9000000000e+01    0.0000000000e+00   -1.0439588083e+01    1.0000000000e+00    1.0000000000e+00
      1107   -1.0532679553e+01    5.5135458682e-01    5.9019981792e+01    5.9000000000e+01    0.0000000000e+00   -1.0439426586e+01    1.0000000000e+00    1.0000000000e+00
      1108   -1.0522717535e+01    3.8796049657e-01    5.9025619357e+01    5.9000000000e+01    0.0000000000e+00   -1.0439493588e+01    9.9271705536e-01    1.0000000000e+00
      1109   -1.0534044289e+01    2.5646837927e-01    5.9025830374e+01    5.9000000000e+01    0.0000000000e+00   -1.0439591196e+01    9.9231579516e-01    1.0000000000e+00
      1110   -1.0534259446e+01    1.5928481351e-01    5.9027620046e+01    5.9000000000e+01    0.0000000000e+00   -1.0439607546e+01    1.0000000000e+00    1.0000000000e+00
      1111   -1.0637822404e+01    9.1153523480e-01    5.9042790944e+01    5.9000000000e+01    0.0000000000e+00   -1.0439650820e+01    9.8891964084e-01    1.0000000000e+00
      1112   -1.0566157007e+01    3.2781491480e-01    5.9047320241e+01    5.9000000000e+01    0.0000000000e+00   -1.0440018247e+01    9.9310797018e-01    1.0000000000e+00
      1113   -1.0581688664e+01    3.4261206287e-01    5.9039055735e+01    5.9000000000e+01    0.0000000000e+00   -1.0440137776e+01    9.9758861794e-01    1.0000000000e+00
      1114   -1.0730937827e+01    6.0667160936e-01    5.9063317703e+01    5.9000000000e+01    0.0000000000e+00   -1.0440055140e+01    9.9712639289e-01    1.0000000000e+00
      1115   -1.0688845482e+01    4.6958860256e-01    5.9078860714e+01    5.9000000000e+01    0.0000000000e+00   -1.0440663373e+01    1.0000000000e+00    1.0000000000e+00
      1116   -1.0682060474e+01    7.9269664635e-01    5.9071475100e+01    5.9000000000e+01    0.0000000000e+00   -1.0441084010e+01    1.0000000000e+00    1.0000000000e+00
      1117   -1.0601061600e+01    3.0925656550e-01    5.9058549534e+01    5.9000000000e+01    0.0000000000e+00   -1.0441109848e+01    1.0000000000e+00    1.0000000000e+00
      1118   -1.0542863839e+01    4.4136629387e-01    5.9038222988e+01    5.9000000000e+01    0.0000000000e+00   -1.0440965747e+01    1.0000000000e+00    1.0000000000e+00
      1119   -1.0590033858e+01    2.3695506266e-01    5.9036768630e+01    5.9000000000e+01    0.0000000000e+00   -1.0440641665e+01    9.9394735502e-01    1.0000000000e+00
      1120   -1.0596786182e+01    3.7065944560e-01    5.9044702311e+01    5.9000000000e+01    0.0000000000e+00   -1.0440681231e+01    1.0000000000e+00    1.0000000000e+00
      1121   -1.0605831768e+01    4.4859332424e-01    5.9046943102e+01    5.9000000000e+01    0.0000000000e+00   -1.0440885992e+01    1.0000000000e+00    1.0000000000e+00
      1122   -1.0658836335e+01    3.0704399441e-01    5.9055999266e+01    5.9000000000e+01    0.0000000000e+00   -1.0441002634e+01    1.0000000000e+00    1.0000000000e+00
      1123   -1.0633325253e+01    4.2778205767e-01    5.9059974340e+01    5.9000000000e+01    0.0000000000e+00   -1.0441283938e+01    9.9101992368e-01    1.0000000000e+00
      1124   -1.0573685549e+01    2.3015941815e-01    5.9047422952e+01    5.9000000000e+01    0.0000000000e+00   -1.0441455198e+01    9.8703459624e-01    1.0000000000e+00
      1125   -1.0573136204e+01    2.8453860876e-01    5.9038664698e+01    5.9000000000e+01    0.0000000000e+00   -1.0441290936e+01    1.0000000000e+00    1.0000000000e+00
      1126   -1.0534010578e+01    2.2202570733e-01    5.9032876282e+01    5.9000000000e+01    0.0000000000e+00   -1.0441190278e+01    9.9656908920e-01    1.0000000000e+00
      1127   -1.0504237803e+01    2.6821180610e-01    5.9022772389e+01    5.9000000000e+01    0.0000000000e+00   -1.0441103492e+01    1.0000000000e+00    1.0000000000e+00
      1128   -1.0456739005e+01    2.7621937340e-01    5.9011459684e+01    5.9000000000e+01    0.0000000000e+00   -1.0440915943e+01    9.9137434014e-01    1.0000000000e+00
      1129   -1.0473212822e+01    2.2984052880e-01    5.9006976433e+01    5.9000000000e+01    0.0000000000e+00   -1.0440663890e+01    1.0000000000e+00    1.0000000000e+00
      1130   -1.0471608168e+01    2.4963686417e-01    5.9009205721e+01    5.9000000000e+01    0.0000000000e+00   -1.0440542912e+01    9.9356063277e-01    1.0000000000e+00
      1131   -1.0506449014e+01    1.7767228302e-01    5.9014108930e+01    5.9000000000e+01    0.0000000000e+00   -1.0440534288e+01    1.0000000000e+00    1.0000000000e+00
      1132   -1.0475294355e+01    2.8117931109e-01    5.9014628939e+01    5.9000000000e+01    0.0000000000e+00   -1.0440603260e+01    9.9856329524e-01    1.0000000000e+00
      1133   -1.0504923131e+01    2.4301577423e-01    5.9014400011e+01    5.9000000000e+01    0.0000000000e+00   -1.0440569213e+01    9.9490101915e-01    1.0000000000e+00
      1134   -1.0523699635e+01    2.0708729322e-01    5.9021519536e+01    5.9000000000e+01    0.0000000000e+00   -1.0440549888e+01    9.9625891838e-01    1.0000000000e+00
      1135   -1.0556140675e+01    2.4414614780e-01    5.9029036092e+01    5.9000000000e+01    0.0000000000e+00   -1.0440672409e+01    9.9424448996e-01    1.0000000000e+00
      1136   -1.0597722266e+01    2.3509313748e-01    5.9039868282e+01    5.9000000000e+01    0.0000000000e+00   -1.0440831510e+01    9.9600066869e-01    1.0000000000e+00
      1137   -1.0565335248e+01    2.5911547194e-01    6.0042230236e+01    6.0000000000e+01    0.0000000000e+00   -1.0441084950e+01    9.9680743003e-01    1.0000000000e+00
      1138   -1.0564318681e+01    3.0343536431e-01    6.1033607483e+01    6.1000000000e+01    0.0000000000e+00   -1.0457960208e+01    1.0000000000e+00    1.0000000000e+00
      1139   -1.0576363305e+01    3.5697876854e-01    6.1028957082e+01    6.1000000000e+01    0.0000000000e+00   -1.0474375759e+01    1.0000000000e+00    1.0000000000e+00
      1140   -1.0542348981e+01    3.7842152719e-01    6.1025596852e+01    6.1000000000e+01    0.0000000000e+00   -1.0474349589e+01    1.0000000000e+00    1.0000000000e+00
      1141   -1.0509595897e+01    4.7078329259e-01    6.1015417788e+01    6.1000000000e+01    0.0000000000e+00   -1.0474313286e+01    9.8698109486e-01    1.0000000000e+00
      1142   -1.0505091976e+01    4.1218466851e-01    6.1009786563e+01    6.1000000000e+01    0.0000000000e+00   -1.0474135202e+01    9.9837020509e-01    1.0000000000e+00
      1143   -1.0519825744e+01    2.7673975723e-01    6.1011413723e+01    6.1000000000e+01    0.0000000000e+00   -1.0474027535e+01    9.9426690985e-01    1.0000000000e+00
      1144   -1.0520979925e+01    2.7900883982e-01    6.1013869655e+01    6.1000000000e+01    0.0000000000e+00   -1.0474052331e+01    9.9607965088e-01    1.0000000000e+00
      1145   -1.0531846565e+01    4.6252515687e-01    6.1015671639e+01    6.1000000000e+01    0.0000000000e+00   -1.0474091767e+01    9.9761541596e-01    9.8360655738e-01
      1146   -1.0527118373e+01    3.1598549731e-01    6.0019239146e+01    6.0000000000e+01    0.0000000000e+00   -1.0474130400e+01    1.0000000000e+00    1.0000000000e+00
      1147   -1.0574190807e+01    2.9039139399e-01    6.0027576042e+01    6.0000000000e+01    0.0000000000e+00   -1.0457669592e+01    1.0000000000e+00    1.0000000000e+00
      1148   -1.0640089934e+01    3.9171913927e-01    6.0044417314e+01    6.0000000000e+01    0.0000000000e+00   -1.0457856122e+01    9.9810581005e-01    1.0000000000e+00
      1149   -1.0671662562e+01    3.5371974771e-01    6.0058857879e+01    6.0000000000e+01    0.0000000000e+00   -1.0458244152e+01    9.9755133863e-01    1.0000000000e+00
      1150   -1.0652695627e+01    4.4665843314e-01    6.0060616151e+01    6.0000000000e+01    0.0000000000e+00   -1.0458620640e+01    1.0000000000e+00    1.0000000000e+00
      1151   -1.0645550019e+01    2.0293568528e-01    6.0056688571e+01    6.0000000000e+01    0.0000000000e+00   -1.0458768459e+01    9.8784471252e-01    1.0000000000e+00
      1152   -1.0626505150e+01    2.1104764833e-01    6.0052854849e+01    6.0000000000e+01    0.0000000000e+00   -1.0458814908e+01    9.9678239875e-01    1.0000000000e+00
      1153   -1.0601111081e+01    1.7646347741e-01    6.0046205415e+01    6.0000000000e+01    0.0000000000e+00   -1.0458845446e+01    9.9853767172e-01    1.0000000000e+00
      1154   -1.0559625292e+01    2.0064843307e-01    6.0036215651e+01    6.0000000000e+01    0.0000000000e+00   -1.0458805916e+01    9.9455060238e-01    1.0000000000e+00
      1155   -1.0614114906e+01    1.8134667057e-01    6.0038201945e+01    6.0000000000e+01    0.0000000000e+00   -1.0458673065e+01    9.8544850190e-01    1.0000000000e+00
      1156   -1.0571973967e+01    1.8195916096e-01    6.0040021949e+01    6.0000000000e+01    0.0000000000e+00   -1.0458788886e+01    9.9743358075e-01    1.0000000000e+00
      1157   -1.0560675641e+01    2.0123371552e-01    6.0032002452e+01    6.0000000000e+01    0.0000000000e+00   -1.0458863719e+01    1.0000000000e+00    1.0000000000e+00
      1158   -1.0549052881e+01    2.8599982432e-01    6.0028579609e+01    6.0000000000e+01    0.0000000000e+00   -1.0458764383e+01    1.0000000000e+00    1.0000000000e+00
      1159   -1.0600650726e+01    3.6705401184e-01    6.0034523980e+01    6.0000000000e+01    0.0000000000e+00   -1.0458731064e+01    1.0000000000e+00    1.0000000000e+00
      1160   -1.0617203231e+01    3.2562788899e-01    6.1047408286e+01    6.1000000000e+01    0.0000000000e+00   -1.0458900226e+01    1.0000000000e+00    1.0000000000e+00
      1161   -1.0573650925e+01    2.6833563590e-01    6.1036164164e+01    6.1000000000e+01    0.0000000000e+00   -1.0475716092e+01    9.9897219025e-01    1.0000000000e+00
      1162   -1.0572547044e+01    3.7184037344e-01    6.1029433492e+01    6.1000000000e+01    0.0000000000e+00   -1.0475577484e+01    9.9714045093e-01    1.0000000000e+00
      1163   -1.0529352837e+01    3.8124086843e-01    6.1022689711e+01    6.1000000000e+01    0.0000000000e+00   -1.0475511726e+01    9.9932721535e-01    1.0000000000e+00
      1164   -1.0544184876e+01    2.9730286445e-01    6.1018413711e+01    6.1000000000e+01    0.0000000000e+00   -1.0475406888e+01    9.9372186339e-01    1.0000000000e+00
      1165   -1.0619847934e+01    2.6004066518e-01    6.1032212271e+01    6.1000000000e+01    0.0000000000e+00   -1.0475355773e+01    1.0000000000e+00    1.0000000000e+00
      1166   -1.0554851572e+01    2.2301697171e-01    6.1033775462e+01    6.1000000000e+01    0.0000000000e+00   -1.0475668610e+01    1.0000000000e+00    1.0000000000e+00
      1167   -1.0507021991e+01    1.9708788660e-01    6.1016622896e+01    6.1000000000e+01    0.0000000000e+00   -1.0475722603e+01    1.0000000000e+00    1.0000000000e+00
      1168   -1.0554069811e+01    2.6875514761e-01    6.1016599702e+01    6.1000000000e+01    0.0000000000e+00   -1.0475427079e+01    1.0000000000e+00    1.0000000000e+00
      1169   -1.0647537363e+01    3.0961901003e-01    6.2040765234e+01    6.2000000000e+01    0.0000000000e+00   -1.0475454318e+01    1.0000000000e+00    1.0000000000e+00
      1170   -1.0535507656e+01    2.3705384432e-01    6.2030484079e+01    6.2000000000e+01    0.0000000000e+00   -1.0492211060e+01    1.0000000000e+00    1.0000000000e+00
      1171   -1.0582168464e+01    2.6189071424e-01    6.2020455326e+01    6.2000000000e+01    0.0000000000e+00   -1.0492056218e+01    9.9870024046e-01    1.0000000000e+00
      1172   -1.0678051668e+01    1.8494112311e-01    6.2042526444e+01    6.2000000000e+01    0.0000000000e+00   -1.0491946986e+01    1.0000000000e+00    1.0000000000e+00
      1173   -1.0595909966e+01    1.8367561564e-01    6.2044524264e+01    6.2000000000e+01    0.0000000000e+00   -1.0492440535e+01    9.9661003847e-01    1.0000000000e+00
      1174   -1.0629783750e+01    2.5742525340e-01    6.2037031054e+01    6.2000000000e+01    0.0000000000e+00   -1.0492537153e+01    1.0000000000e+00    1.0000000000e+00
      1175   -1.0584440044e+01    2.6736385551e-01    6.2035245177e+01    6.2000000000e+01    0.0000000000e+00   -1.0492510789e+01    1.0000000000e+00    1.0000000000e+00
      1176   -1.0629051505e+01    3.1719024681e-01    6.2035088399e+01    6.2000000000e+01    0.0000000000e+00   -1.0492535978e+01    9.9664250448e-01    1.0000000000e+00
      1177   -1.0698512707e+01    2.8086213709e-01    6.2052685631e+01    6.2000000000e+01    0.0000000000e+00   -1.0492626915e+01    9.9379068641e-01    1.0000000000e+00
      1178   -1.0628265188e+01    3.3878898614e-01    6.2052414019e+01    6.2000000000e+01    0.0000000000e+00   -1.0493065419e+01    1.0000000000e+00    1.0000000000e+00
      1179   -1.0577737114e+01    3.1277003380e-01    6.2033715500e+01    6.2000000000e+01    0.0000000000e+00   -1.0493153425e+01    9.9825290089e-01    1.0000000000e+00
      1180   -1.0544897327e+01    3.1177156325e-01    6.2020905544e+01    6.2000000000e+01    0.0000000000e+00   -1.0492899550e+01    9.9622606897e-01    1.0000000000e+00
      1181   -1.0496886427e+01    2.3036711682e-01    6.2008497789e+01    6.2000000000e+01    0.0000000000e+00   -1.0492711413e+01    9.7647288359e-01    1.0000000000e+00
      1182   -1.0499556777e+01    2.0852576190e-01    6.2001594597e+01    6.2000000000e+01    0.0000000000e+00   -1.0492487275e+01    9.9071899567e-01    1.0000000000e+00
      1183   -1.0499038563e+01    2.1733768817e-01    6.2001989729e+01    6.2000000000e+01    0.0000000000e+00   -1.0492354281e+01    1.0000000000e+00    1.0000000000e+00
      1184   -1.0513487278e+01    2.7070635890e-01    6.2004139809e+01    6.2000000000e+01    0.0000000000e+00   -1.0492338574e+01    1.0000000000e+00    1.0000000000e+00
      1185   -1.0513735505e+01    2.6113894917e-01    6.2006378359e+01    6.2000000000e+01    0.0000000000e+00   -1.0492363940e+01    9.9725543944e-01    1.0000000000e+00
      1186   -1.0562897332e+01    2.6208622016e-01    6.2013997295e+01    6.2000000000e+01    0.0000000000e+00   -1.0492390967e+01    1.0000000000e+00    1.0000000000e+00
      1187   -1.0549969980e+01    2.6459140691e-01    6.2019547795e+01    6.2000000000e+01    0.0000000000e+00   -1.0492548011e+01    1.0000000000e+00    1.0000000000e+00
      1188   -1.0594100987e+01    3.0932535010e-01    6.2024329913e+01    6.2000000000e+01    0.0000000000e+00   -1.0492660269e+01    9.9560101871e-01    1.0000000000e+00
      1189   -1.0613551321e+01    4.0600123595e-01    6.2034078710e+01    6.2000000000e+01    0.0000000000e+00   -1.0492798836e+01    9.7812472109e-01    1.0000000000e+00
      1190   -1.0581021108e+01    4.9168701708e-01    6.2031916742e+01    6.2000000000e+01    0.0000000000e+00   -1.0493034419e+01    9.9588790828e-01    1.0000000000e+00
      1191   -1.0602870674e+01    3.2026006954e-01    6.2030283720e+01    6.2000000000e+01    0.0000000000e+00   -1.0493049337e+01    1.0000000000e+00    1.0000000000e+00
      1192   -1.0607607468e+01    3.3166245485e-01    6.2034395760e+01    6.2000000000e+01    0.0000000000e+00   -1.0493091826e+01    9.9659853041e-01    1.0000000000e+00
      1193   -1.0553118041e+01    2.8444131877e-01    6.2026695927e+01    6.2000000000e+01    0.0000000000e+00   -1.0493230954e+01    9.9132243359e-01    9.8387096774e-01
      1194   -1.0546595599e+01    2.1933121022e-01    6.1018039418e+01    6.1000000000e+01    0.0000000000e+00   -1.0493131906e+01    9.9249071734e-01    1.0000000000e+00
      1195   -1.0541039121e+01    2.2273658875e-01    6.1020223791e+01    6.1000000000e+01    0.0000000000e+00   -1.0476755924e+01    9.9344076764e-01    1.0000000000e+00
      1196   -1.0513068849e+01    1.8509206648e-01    6.1015128844e+01    6.1000000000e+01    0.0000000000e+00   -1.0476806181e+01    9.9812455307e-01    1.0000000000e+00
      1197   -1.0531323812e+01    2.0300121493e-01    6.1013690446e+01    6.1000000000e+01    0.0000000000e+00   -1.0476712729e+01    1.0000000000e+00    1.0000000000e+00
      1198   -1.0535916439e+01    2.6967527813e-01    6.1017154880e+01    6.1000000000e+01    0.0000000000e+00   -1.0476695121e+01    9.9883029446e-01    1.0000000000e+00
      1199   -1.0538532562e+01    2.6639862620e-01    6.1018204322e+01    6.1000000000e+01    0.0000000000e+00   -1.0476761854e+01    1.0000000000e+00    1.0000000000e+00
      1200   -1.0510157040e+01    2.8360442336e-01    6.1014265087e+01    6.1000000000e+01    0.0000000000e+00   -1.0476791264e+01    9.9294012382e-01    1.0000000000e+00
      1201   -1.0469757462e+01    3.0053363702e-01    6.2005232133e+01    6.2000000000e+01    0.0000000000e+00   -1.0476714241e+01    1.0000000000e+00    1.0000000000e+00
      1202   -1.0466869043e+01    1.7781847077e-01    6.1992253859e+01    6.2000000000e+01    0.0000000000e+00   -1.0492777810e+01    9.9735502679e-01    1.0000000000e+00
      1203   -1.0509945938e+01    2.3343318642e-01    6.1998579003e+01    6.2000000000e+01    0.0000000000e+00   -1.0492518545e+01    1.0000000000e+00    1.0000000000e+00
      1204   -1.0481677224e+01    3.0417466753e-01    6.2000820148e+01    6.2000000000e+01    0.0000000000e+00   -1.0492608053e+01    1.0000000000e+00    1.0000000000e+00
      1205   -1.0492728253e+01    2.5228245929e-01    6.1998135990e+01    6.2000000000e+01    0.0000000000e+00   -1.0492607229e+01    9.9189318679e-01    1.0000000000e+00
      1206   -1.0474348070e+01    3.4762245742e-01    6.1997013795e+01    6.2000000000e+01    0.0000000000e+00   -1.0492536587e+01    1.0000000000e+00    1.0000000000e+00
      1207   -1.0463426354e+01    3.5786107230e-01    6.2992685784e+01    6.3000000000e+01    0.0000000000e+00   -1.0492475300e+01    9.9724136972e-01    1.0000000000e+00
      1208   -1.0517143003e+01    2.7614203190e-01    6.2994079924e+01    6.3000000000e+01    0.0000000000e+00   -1.0508355158e+01    9.9665706072e-01    1.0000000000e+00
      1209   -1.0518590981e+01    2.8995326936e-01    6.3002765020e+01    6.3000000000e+01    0.0000000000e+00   -1.0508371183e+01    9.9533321250e-01    9.8412698413e-01
      1210   -1.0530620719e+01    2.8492421629e-01    6.2006071968e+01    6.2000000000e+01    0.0000000000e+00   -1.0508504199e+01    9.9480500251e-01    1.0000000000e+00
      1211   -1.0570960326e+01    2.3811280362e-01    6.4020967811e+01    6.4000000000e+01    0.0000000000e+00   -1.0492563422e+01    9.9319775133e-01    1.0000000000e+00
      1212   -1.0548102901e+01    2.0058775550e-01    6.4010974365e+01    6.4000000000e+01    0.0000000000e+00   -1.0524581988e+01    9.9455690237e-01    1.0000000000e+00
      1213   -1.0582931719e+01    2.2362300057e-01    6.5014898407e+01    6.5000000000e+01    0.0000000000e+00   -1.0524446385e+01    9.9437762378e-01    1.0000000000e+00
      1214   -1.0687104527e+01    2.5740242025e+00    6.6024861499e+01    6.6000000000e+01    0.0000000000e+00   -1.0540058684e+01    9.9695958520e-01    1.0000000000e+00
      1215   -1.0603174288e+01    2.7634542128e+00    6.6011471788e+01    6.6000000000e+01    0.0000000000e+00   -1.0555613319e+01    9.8957897254e-01    1.0000000000e+00
      1216   -1.0546231909e+01    5.4375290854e-01    6.5994549760e+01    6.6000000000e+01    0.0000000000e+00   -1.0555478004e+01    1.0000000000e+00    1.0000000000e+00
      1217   -1.0523488629e+01    2.8543720510e-01    6.5992809693e+01    6.6000000000e+01    0.0000000000e+00   -1.0555240216e+01    1.0000000000e+00    1.0000000000e+00
      1218   -1.0560388700e+01    2.7108401597e-01    6.5995384606e+01    6.6000000000e+01    0.0000000000e+00   -1.0555212939e+01    9.9782058455e-01    1.0000000000e+00
      1219   -1.0571984911e+01    2.1221644302e-01    6.6003406609e+01    6.6000000000e+01    0.0000000000e+00   -1.0555282614e+01    9.9693416588e-01    1.0000000000e+00
      1220   -1.0547602981e+01    2.5207838240e-01    6.6001256937e+01    6.6000000000e+01    0.0000000000e+00   -1.0555444677e+01    9.9116958944e-01    1.0000000000e+00
      1221   -1.0541910529e+01    2.7487821905e-01    6.6998133171e+01    6.7000000000e+01    0.0000000000e+00   -1.0555431733e+01    1.0000000000e+00    1.0000000000e+00
      1222   -1.0486204650e+01    2.4201728769e-01    6.6980979718e+01    6.7000000000e+01    0.0000000000e+00   -1.0570437437e+01    1.0000000000e+00    1.0000000000e+00
      1223   -1.0526049625e+01    2.9612606045e-01    6.6978437216e+01    6.7000000000e+01    0.0000000000e+00   -1.0570148595e+01    9.9471113654e-01    1.0000000000e+00
      1224   -1.0501276428e+01    2.1712772203e-01    6.6980961244e+01    6.7000000000e+01    0.0000000000e+00   -1.0570111851e+01    1.0000000000e+00    1.0000000000e+00
      1225   -1.0505337549e+01    2.6580440873e-01    6.6977505486e+01    6.7000000000e+01    0.0000000000e+00   -1.0570129664e+01    9.9630914844e-01    1.0000000000e+00
      1226   -1.0523122266e+01    3.7290505386e-01    6.6981144553e+01    6.7000000000e+01    0.0000000000e+00   -1.0570061687e+01    1.0000000000e+00    1.0000000000e+00
      1227   -1.0554183500e+01    2.5627759737e-01    6.6989260800e+01    6.7000000000e+01    0.0000000000e+00   -1.0570114773e+01    9.9447809545e-01    1.0000000000e+00
      1228   -1.0524122063e+01    2.6434609418e-01    6.6989416946e+01    6.7000000000e+01    0.0000000000e+00   -1.0570261062e+01    9.9619397715e-01    1.0000000000e+00
      1229   -1.0549970284e+01    1.9802097794e-01    6.7989394504e+01    6.8000000000e+01    0.0000000000e+00   -1.0570262977e+01    9.9120294271e-01    1.0000000000e+00
      1230   -1.0539250185e+01    1.7275462190e-01    6.7986127803e+01    6.8000000000e+01    0.0000000000e+00   -1.0585101547e+01    1.0000000000e+00    9.7058823529e-01
      1231   -1.0566058134e+01    1.8072295530e-01    6.6993087140e+01    6.7000000000e+01    0.0000000000e+00   -1.0585065876e+01    9.9086808301e-01    1.0000000000e+00
      1232   -1.0579416638e+01    2.0884339701e-01    6.7000639853e+01    6.7000000000e+01    0.0000000000e+00   -1.0570386667e+01    9.9536106067e-01    1.0000000000e+00
      1233   -1.0586531086e+01    2.4425845907e-01    6.7003989470e+01    6.7000000000e+01    0.0000000000e+00   -1.0570545669e+01    9.9409608640e-01    1.0000000000e+00
      1234   -1.0517371839e+01    2.6390718974e-01    6.6993573265e+01    6.7000000000e+01    0.0000000000e+00   -1.0570647861e+01    9.8826768473e-01    1.0000000000e+00
      1235   -1.0622830586e+01    3.9278442180e-01    6.8001671152e+01    6.8000000000e+01    0.0000000000e+00   -1.0570486142e+01    9.9709902457e-01    1.0000000000e+00
      1236   -1.0555018375e+01    3.4669112655e-01    6.8000890299e+01    6.8000000000e+01    0.0000000000e+00   -1.0585504409e+01    9.9447458842e-01    1.0000000000e+00
      1237   -1.0547403756e+01    3.6015915968e-01    6.7988099216e+01    6.8000000000e+01    0.0000000000e+00   -1.0585518337e+01    1.0000000000e+00    1.0000000000e+00
      1238   -1.0541076887e+01    3.8552699409e-01    6.7985787872e+01    6.8000000000e+01    0.0000000000e+00   -1.0585349177e+01    9.9779382879e-01    1.0000000000e+00
      1239   -1.0557194600e+01    2.5503389941e-01    6.7987467003e+01    6.8000000000e+01    0.0000000000e+00   -1.0585328786e+01    9.9907792916e-01    1.0000000000e+00
      1240   -1.0579881183e+01    2.6174428837e-01    6.7994069943e+01    6.8000000000e+01    0.0000000000e+00   -1.0585380611e+01    1.0000000000e+00    1.0000000000e+00
      1241   -1.0585975036e+01    2.5085430339e-01    6.7998926350e+01    6.8000000000e+01    0.0000000000e+00   -1.0585523856e+01    9.9319175657e-01    1.0000000000e+00
      1242   -1.0588173131e+01    2.5338152364e-01    6.8000281758e+01    6.8000000000e+01    0.0000000000e+00   -1.0585646443e+01    1.0000000000e+00    1.0000000000e+00
      1243   -1.0594142688e+01    2.1677302187e-01    6.8001658209e+01    6.8000000000e+01    0.0000000000e+00   -1.0585719297e+01    1.0000000000e+00    1.0000000000e+00
      1244   -1.0581956825e+01    2.3054751221e-01    6.8000592572e+01    6.8000000000e+01    0.0000000000e+00   -1.0585797371e+01    9.9472944600e-01    1.0000000000e+00
      1245   -1.0525903311e+01    2.1672155987e-01    6.7989017361e+01    6.8000000000e+01    0.0000000000e+00   -1.0585829239e+01    9.9385073699e-01    1.0000000000e+00
      1246   -1.0559346363e+01    2.5815710776e-01    6.7985240049e+01    6.8000000000e+01    0.0000000000e+00   -1.0585659593e+01    9.9195879135e-01    1.0000000000e+00
      1247   -1.0573640944e+01    4.8242153258e-01    6.7993276551e+01    6.8000000000e+01    0.0000000000e+00   -1.0585632564e+01    1.0000000000e+00    1.0000000000e+00
      1248   -1.0521144356e+01    2.7972538086e-01    6.7986727478e+01    6.8000000000e+01    0.0000000000e+00   -1.0585791180e+01    9.8825480902e-01    9.8529411765e-01
      1249   -1.0559423734e+01    3.4587103871e-01    6.6985768710e+01    6.7000000000e+01    0.0000000000e+00   -1.0585691419e+01    9.9418727687e-01    1.0000000000e+00
      1250   -1.0492961686e+01    2.7350739847e-01    6.6984840454e+01    6.7000000000e+01    0.0000000000e+00   -1.0570887575e+01    9.9549040305e-01    1.0000000000e+00
      1251   -1.0513395265e+01    3.6638368409e-01    6.6977178239e+01    6.7000000000e+01    0.0000000000e+00   -1.0570846799e+01    1.0000000000e+00    1.0000000000e+00
      1252   -1.0470125596e+01    3.4330438187e-01    6.6973385415e+01    6.7000000000e+01    0.0000000000e+00   -1.0570722531e+01    9.9587867228e-01    1.0000000000e+00
      1253   -1.0473095497e+01    3.3412998091e-01    6.6966684051e+01    6.7000000000e+01    0.0000000000e+00   -1.0570620076e+01    9.9785977067e-01    1.0000000000e+00
      1254   -1.0489424672e+01    3.1780956750e-01    6.6970017352e+01    6.7000000000e+01    0.0000000000e+00   -1.0570476728e+01    9.9734503624e-01    1.0000000000e+00
      1255   -1.0466303008e+01    3.3855679411e-01    6.6968835196e+01    6.7000000000e+01    0.0000000000e+00   -1.0570496842e+01    9.9906803049e-01    1.0000000000e+00
      1256   -1.0481546318e+01    3.5820703597e-01    6.6967532091e+01    6.7000000000e+01    0.0000000000e+00   -1.0570430407e+01    9.9947433007e-01    1.0000000000e+00
      1257   -1.0382877162e+01    3.9913429939e-01    6.6953617450e+01    6.7000000000e+01    0.0000000000e+00   -1.0570374876e+01    9.9618839802e-01    1.0000000000e+00
      1258   -1.0446685346e+01    2.3546711351e-01    6.6947920876e+01    6.7000000000e+01    0.0000000000e+00   -1.0570049380e+01    9.9989069127e-01    1.0000000000e+00
      1259   -1.0457690596e+01    3.1185274500e-01    6.6960497287e+01    6.7000000000e+01    0.0000000000e+00   -1.0569899573e+01    9.8797523322e-01    1.0000000000e+00
      1260   -1.0490693781e+01    5.2240899345e-01    6.7971710283e+01    6.8000000000e+01    0.0000000000e+00   -1.0570031891e+01    9.8845789730e-01    1.0000000000e+00
      1261   -1.0485163145e+01    4.5740371379e-01    6.7966758834e+01    6.8000000000e+01    0.0000000000e+00   -1.0584992458e+01    9.9793661456e-01    1.0000000000e+00
      1262   -1.0551116374e+01    6.0364070612e-01    6.7976978116e+01    6.8000000000e+01    0.0000000000e+00   -1.0584886919e+01    9.9376700156e-01    1.0000000000e+00
      1263   -1.0588522332e+01    9.0443300810e-01    6.7994320082e+01    6.8000000000e+01    0.0000000000e+00   -1.0585059001e+01    1.0000000000e+00    1.0000000000e+00
      1264   -1.0561891357e+01    9.0830712761e-01    6.7995893990e+01    6.8000000000e+01    0.0000000000e+00   -1.0585366595e+01    9.9541356477e-01    1.0000000000e+00
      1265   -1.0528988353e+01    9.0898312468e-01    6.7985712775e+01    6.8000000000e+01    0.0000000000e+00   -1.0585420249e+01    1.0000000000e+00    1.0000000000e+00
      1266   -1.0593782289e+01    8.3846416054e-01    6.7991182639e+01    6.8000000000e+01    0.0000000000e+00   -1.0585273904e+01    9.9897312651e-01    1.0000000000e+00
      1267   -1.0630592631e+01    6.6731394901e-01    6.8008433967e+01    6.8000000000e+01    0.0000000000e+00   -1.0585410990e+01    9.9661233287e-01    1.0000000000e+00
      1268   -1.0578955210e+01    5.8075269479e-01    6.8005924540e+01    6.8000000000e+01    0.0000000000e+00   -1.0585751449e+01    1.0000000000e+00    1.0000000000e+00
      1269   -1.0549007727e+01    6.4950537119e-01    6.7992167848e+01    6.8000000000e+01    0.0000000000e+00   -1.0585758809e+01    1.0000000000e+00    1.0000000000e+00
      1270   -1.0514428009e+01    6.8059669288e-01    6.7981236292e+01    6.8000000000e+01    0.0000000000e+00   -1.0585576142e+01    9.9582443572e-01    9.8529411765e-01
      1271   -1.0570166109e+01    1.0023459762e+00    6.6986459697e+01    6.7000000000e+01    0.0000000000e+00   -1.0585406639e+01    9.9737521136e-01    1.0000000000e+00
      1272   -1.0537067562e+01    8.8639359083e-01    6.6993580887e+01    6.7000000000e+01    0.0000000000e+00   -1.0570702327e+01    9.9766609122e-01    1.0000000000e+00
      1273   -1.0562254765e+01    7.6452789087e-01    6.6992218539e+01    6.7000000000e+01    0.0000000000e+00   -1.0570818419e+01    1.0000000000e+00    9.8507462687e-01
      1274   -1.0589648290e+01    6.8224863335e-01    6.6002584237e+01    6.6000000000e+01    0.0000000000e+00   -1.0570828435e+01    1.0000000000e+00    1.0000000000e+00
      1275   -1.0517277855e+01    6.2391328360e-01    6.5998654387e+01    6.6000000000e+01    0.0000000000e+00   -1.0555998523e+01    9.9706225882e-01    1.0000000000e+00
      1276   -1.0569037966e+01    5.2513779780e-01    6.5995321068e+01    6.6000000000e+01    0.0000000000e+00   -1.0555932529e+01    9.9260788478e-01    1.0000000000e+00
      1277   -1.0574840392e+01    4.2265117168e-01    6.6004856334e+01    6.6000000000e+01    0.0000000000e+00   -1.0555917765e+01    1.0000000000e+00    1.0000000000e+00
      1278   -1.0528164358e+01    4.6120351087e-01    6.5998143347e+01    6.6000000000e+01    0.0000000000e+00   -1.0556102648e+01    9.9370983795e-01    1.0000000000e+00
      1279   -1.0568344611e+01    3.3362179022e-01    6.5997123715e+01    6.6000000000e+01    0.0000000000e+00   -1.0556003304e+01    1.0000000000e+00    1.0000000000e+00
      1280   -1.0529678211e+01    4.1975402621e-01    6.5997405939e+01    6.6000000000e+01    0.0000000000e+00   -1.0556022883e+01    9.9630294745e-01    1.0000000000e+00
      1281   -1.0590091064e+01    3.7514260275e-01    6.7002666007e+01    6.7000000000e+01    0.0000000000e+00   -1.0556030720e+01    1.0000000000e+00    1.0000000000e+00
      1282   -1.0555575394e+01    2.9623558166e-01    6.7000269897e+01    6.7000000000e+01    0.0000000000e+00   -1.0571200284e+01    1.0000000000e+00    1.0000000000e+00
      1283   -1.0563707358e+01    3.4420025197e-01    6.6995905770e+01    6.7000000000e+01    0.0000000000e+00   -1.0571189035e+01    9.9672754122e-01    1.0000000000e+00
      1284   -1.0627027987e+01    4.9490713954e-01    6.7007791695e+01    6.7000000000e+01    0.0000000000e+00   -1.0571154960e+01    1.0000000000e+00    9.8507462687e-01
      1285   -1.0512652383e+01    9.7071343239e-01    6.6000081696e+01    6.6000000000e+01    0.0000000000e+00   -1.0571414641e+01    9.9543504650e-01    1.0000000000e+00
      1286   -1.0501719450e+01    4.4013166485e-01    6.5983368719e+01    6.6000000000e+01    0.0000000000e+00   -1.0556251329e+01    9.9501487070e-01    1.0000000000e+00
      1287   -1.0453668496e+01    3.9024626093e-01    6.5973880019e+01    6.6000000000e+01    0.0000000000e+00   -1.0555978864e+01    9.9745690779e-01    9.8484848485e-01
      1288   -1.0490642099e+01    3.2635099184e-01    6.4972979850e+01    6.5000000000e+01    0.0000000000e+00   -1.0555777060e+01    9.9672113084e-01    1.0000000000e+00
      1289   -1.0475959049e+01    4.0532379239e-01    6.4981214445e+01    6.5000000000e+01    0.0000000000e+00   -1.0540461588e+01    1.0000000000e+00    1.0000000000e+00
      1290   -1.0509661287e+01    4.0459917361e-01    6.4984250793e+01    6.5000000000e+01    0.0000000000e+00   -1.0540548468e+01    9.9796329284e-01    1.0000000000e+00
      1291   -1.0466383575e+01    4.3814934757e-01    6.4982669246e+01    6.5000000000e+01    0.0000000000e+00   -1.0540582565e+01    1.0000000000e+00    9.8461538462e-01
      1292   -1.0488527445e+01    4.0238711947e-01    6.3981651192e+01    6.4000000000e+01    0.0000000000e+00   -1.0540510774e+01    1.0000000000e+00    1.0000000000e+00
      1293   -1.0494135198e+01    4.6006630079e-01    6.3988956448e+01    6.4000000000e+01    0.0000000000e+00   -1.0524956947e+01    9.9516247089e-01    1.0000000000e+00
      1294   -1.0555921029e+01    4.7153008777e-01    6.4999924766e+01    6.5000000000e+01    0.0000000000e+00   -1.0525046111e+01    9.9619189365e-01    1.0000000000e+00
      1295   -1.0516626620e+01    4.0304739752e-01    6.4998228500e+01    6.5000000000e+01    0.0000000000e+00   -1.0540746371e+01    1.0000000000e+00    1.0000000000e+00
      1296   -1.0544846115e+01    5.6955480149e-01    6.4996418880e+01    6.5000000000e+01    0.0000000000e+00   -1.0540713359e+01    1.0000000000e+00    1.0000000000e+00
      1297   -1.0603548096e+01    5.4696842207e-01    6.5010472233e+01    6.5000000000e+01    0.0000000000e+00   -1.0540701243e+01    9.9279963360e-01    1.0000000000e+00
      1298   -1.0618043556e+01    4.5698777041e-01    6.5022236130e+01    6.5000000000e+01    0.0000000000e+00   -1.0540980174e+01    9.9574230094e-01    1.0000000000e+00
      1299   -1.0618810995e+01    4.8724605075e-01    6.5024628284e+01    6.5000000000e+01    0.0000000000e+00   -1.0541235354e+01    9.9705287457e-01    1.0000000000e+00
      1300   -1.0563698772e+01    6.0769134027e-01    6.5015769787e+01    6.5000000000e+01    0.0000000000e+00   -1.0541346880e+01    9.9409982254e-01    1.0000000000e+00
      1301   -1.0580093657e+01    4.3000608162e-01    6.5009537162e+01    6.5000000000e+01    0.0000000000e+00   -1.0541241201e+01    9.8374044421e-01    1.0000000000e+00
      1302   -1.0645352646e+01    5.3680836697e-01    6.5022793717e+01    6.5000000000e+01    0.0000000000e+00   -1.0541188943e+01    9.9794034150e-01    1.0000000000e+00
      1303   -1.0624047959e+01    6.3406854881e-01    6.5029788703e+01    6.5000000000e+01    0.0000000000e+00   -1.0541488462e+01    9.9364358484e-01    9.8461538462e-01
      1304   -1.0570382621e+01    5.5277249299e-01    6.4018588945e+01    6.4000000000e+01    0.0000000000e+00   -1.0541674514e+01    9.9795038330e-01    1.0000000000e+00
      1305   -1.0585268184e+01    4.7655908673e-01    6.4016092774e+01    6.4000000000e+01    0.0000000000e+00   -1.0526038148e+01    9.8470154832e-01    1.0000000000e+00
      1306   -1.0530076782e+01    4.1531437876e-01    6.4009726960e+01    6.4000000000e+01    0.0000000000e+00   -1.0526046545e+01    1.0000000000e+00    1.0000000000e+00
      1307   -1.0536864887e+01    3.5992057986e-01    6.4002096013e+01    6.4000000000e+01    0.0000000000e+00   -1.0525950506e+01    9.8502838617e-01    1.0000000000e+00
      1308   -1.0521941768e+01    2.5804006273e-01    6.4000889275e+01    6.4000000000e+01    0.0000000000e+00   -1.0525840080e+01    1.0000000000e+00    1.0000000000e+00
      1309   -1.0508502821e+01    2.9858289797e-01    6.3996407750e+01    6.4000000000e+01    0.0000000000e+00   -1.0525818155e+01    9.9052948590e-01    1.0000000000e+00
      1310   -1.0481635628e+01    3.2495016098e-01    6.3990002322e+01    6.4000000000e+01    0.0000000000e+00   -1.0525734398e+01    9.9789185137e-01    1.0000000000e+00
      1311   -1.0549835596e+01    4.5313016340e-01    6.3996592685e+01    6.4000000000e+01    0.0000000000e+00   -1.0525599287e+01    9.9763329520e-01    1.0000000000e+00
      1312   -1.0468886138e+01    3.8258040755e-01    6.3994496806e+01    6.4000000000e+01    0.0000000000e+00   -1.0525721353e+01    9.9101297030e-01    1.0000000000e+00
      1313   -1.0464546285e+01    3.8480068324e-01    6.3980917201e+01    6.4000000000e+01    0.0000000000e+00   -1.0525643560e+01    9.9913619725e-01    1.0000000000e+00
      1314   -1.0546638860e+01    3.1897747704e-01    6.3993422092e+01    6.4000000000e+01    0.0000000000e+00   -1.0525382934e+01    9.9809397166e-01    1.0000000000e+00
      1315   -1.0478900179e+01    3.6204148264e-01    6.3995653103e+01    6.4000000000e+01    0.0000000000e+00   -1.0525594929e+01    9.9719057255e-01    1.0000000000e+00
      1316   -1.0543244331e+01    4.4250120798e-01    6.3995090381e+01    6.4000000000e+01    0.0000000000e+00   -1.0525592827e+01    9.9513224195e-01    1.0000000000e+00
      1317   -1.0524708527e+01    3.8976444529e-01    6.4002381710e+01    6.4000000000e+01    0.0000000000e+00   -1.0525597912e+01    1.0000000000e+00    1.0000000000e+00
      1318   -1.0592355753e+01    3.0962600630e-01    6.4010187372e+01    6.4000000000e+01    0.0000000000e+00   -1.0525711079e+01    9.9680968222e-01    1.0000000000e+00
      1319   -1.0612727529e+01    2.8321746313e-01    6.4024200504e+01    6.4000000000e+01    0.0000000000e+00   -1.0525885577e+01    1.0000000000e+00    1.0000000000e+00
      1320   -1.0556439231e+01    3.2282467373e-01    6.4018416230e+01    6.4000000000e+01    0.0000000000e+00   -1.0526172979e+01    9.9292752080e-01    1.0000000000e+00
      1321   -1.0584637286e+01    2.7283023948e-01    6.4013951197e+01    6.4000000000e+01    0.0000000000e+00   -1.0526106740e+01    9.9414563023e-01    1.0000000000e+00
      1322   -1.0632347529e+01    2.7505201965e-01    6.4026080574e+01    6.4000000000e+01    0.0000000000e+00   -1.0526083232e+01    9.9119970184e-01    1.0000000000e+00
      1323   -1.0542475215e+01    2.8031508899e-01    6.5023191045e+01    6.5000000000e+01    0.0000000000e+00   -1.0526356341e+01    1.0000000000e+00    1.0000000000e+00
      1324   -1.0586815157e+01    2.7396318204e-01    6.5007191969e+01    6.5000000000e+01    0.0000000000e+00   -1.0541822795e+01    9.9653322801e-01    1.0000000000e+00
      1325   -1.0566698379e+01    3.0167723370e-01    6.5011162518e+01    6.5000000000e+01    0.0000000000e+00   -1.0541624441e+01    9.9831240111e-01    1.0000000000e+00
      1326   -1.0608188635e+01    2.9957973835e-01    6.5014593659e+01    6.5000000000e+01    0.0000000000e+00   -1.0541717406e+01    9.9838087086e-01    1.0000000000e+00
      1327   -1.0652042464e+01    2.3418277450e-01    6.5028385816e+01    6.5000000000e+01    0.0000000000e+00   -1.0541834510e+01    9.9454355093e-01    1.0000000000e+00
      1328   -1.0569502977e+01    2.3971116006e-01    6.5022049738e+01    6.5000000000e+01    0.0000000000e+00   -1.0542145169e+01    9.9440359121e-01    1.0000000000e+00
      1329   -1.0580995664e+01    2.4716768466e-01    6.5010568976e+01    6.5000000000e+01    0.0000000000e+00   -1.0542081582e+01    9.9061466094e-01    1.0000000000e+00
      1330   -1.0587103060e+01    3.2748691406e-01    6.5013438405e+01    6.5000000000e+01    0.0000000000e+00   -1.0541947779e+01    1.0000000000e+00    1.0000000000e+00
      1331   -1.0559025999e+01    2.9687150940e-01    6.5009821698e+01    6.5000000000e+01    0.0000000000e+00   -1.0542039396e+01    9.9607216465e-01    1.0000000000e+00
      1332   -1.0499125553e+01    3.7958107139e-01    6.4995566615e+01    6.5000000000e+01    0.0000000000e+00   -1.0542009269e+01    9.9537477579e-01    1.0000000000e+00
      1333   -1.0543331770e+01    3.4005791602e-01    6.4993085314e+01    6.5000000000e+01    0.0000000000e+00   -1.0541768747e+01    1.0000000000e+00    1.0000000000e+00
      1334   -1.0528694401e+01    4.0212438109e-01    6.4997870326e+01    6.5000000000e+01    0.0000000000e+00   -1.0541743809e+01    1.0000000000e+00    9.8461538462e-01
      1335   -1.0495233345e+01    3.5319882836e-01    6.3992702535e+01    6.4000000000e+01    0.0000000000e+00   -1.0541819257e+01    1.0000000000e+00    1.0000000000e+00
      1336   -1.0540121307e+01    3.9325195629e-01    6.3997013479e+01    6.4000000000e+01    0.0000000000e+00   -1.0526209611e+01    9.9214674037e-01    1.0000000000e+00
      1337   -1.0534283609e+01    3.5519621397e-01    6.4003220969e+01    6.4000000000e+01    0.0000000000e+00   -1.0526287696e+01    9.9865843513e-01    1.0000000000e+00
      1338   -1.0535772979e+01    3.4160714238e-01    6.4002490839e+01    6.4000000000e+01    0.0000000000e+00   -1.0526390859e+01    9.9515883575e-01    1.0000000000e+00
      1339   -1.0526485899e+01    3.4577252413e-01    6.4001256531e+01    6.4000000000e+01    0.0000000000e+00   -1.0526386769e+01    9.9621240789e-01    1.0000000000e+00
      1340   -1.0474744342e+01    3.6739270185e-01    6.3991528817e+01    6.4000000000e+01    0.0000000000e+00   -1.0526367591e+01    9.9869291617e-01    1.0000000000e+00
      1341   -1.0476249787e+01    4.2868030631e-01    6.3983556422e+01    6.4000000000e+01    0.0000000000e+00   -1.0526175615e+01    1.0000000000e+00    1.0000000000e+00
      1342   -1.0496764382e+01    3.2225517199e-01    6.3987121871e+01    6.4000000000e+01    0.0000000000e+00   -1.0526012277e+01    9.9864523060e-01    1.0000000000e+00
      1343   -1.0446405192e+01    2.5914478439e-01    6.3982395943e+01    6.4000000000e+01    0.0000000000e+00   -1.0526045181e+01    9.9711838412e-01    1.0000000000e+00
      1344   -1.0491090656e+01    2.6272860875e-01    6.3981572462e+01    6.4000000000e+01    0.0000000000e+00   -1.0525909620e+01    1.0000000000e+00    1.0000000000e+00
      1345   -1.0546769048e+01    2.6635530561e-01    6.3997600445e+01    6.4000000000e+01    0.0000000000e+00   -1.0525869650e+01    1.0000000000e+00    1.0000000000e+00
      1346   -1.0579869897e+01    2.8952529047e-01    6.4011663110e+01    6.4000000000e+01    0.0000000000e+00   -1.0526136031e+01    9.9468576741e-01    1.0000000000e+00
      1347   -1.0556213035e+01    3.1464709657e-01    6.5013579060e+01    6.5000000000e+01    0.0000000000e+00   -1.0526397145e+01    9.9505889328e-01    1.0000000000e+00
      1348   -1.0549340990e+01    3.3158749572e-01    6.5003275877e+01    6.5000000000e+01    0.0000000000e+00   -1.0541951110e+01    9.9500131866e-01    1.0000000000e+00
      1349   -1.0562244466e+01    4.1377898498e-01    6.5004269359e+01    6.5000000000e+01    0.0000000000e+00   -1.0541810405e+01    9.8871166019e-01    1.0000000000e+00
      1350   -1.0554355824e+01    2.6876689823e-01    6.5005073270e+01    6.5000000000e+01    0.0000000000e+00   -1.0541853372e+01    1.0000000000e+00    1.0000000000e+00
      1351   -1.0588045291e+01    2.0441699078e-01    6.5009299890e+01    6.5000000000e+01    0.0000000000e+00   -1.0541887317e+01    9.9800933315e-01    1.0000000000e+00
      1352   -1.0593653794e+01    1.8989699944e-01    6.5015661051e+01    6.5000000000e+01    0.0000000000e+00   -1.0541999754e+01    1.0000000000e+00    1.0000000000e+00
      1353   -1.0628135841e+01    1.8602115478e-01    6.5022124853e+01    6.5000000000e+01    0.0000000000e+00   -1.0542149250e+01    9.9394152834e-01    1.0000000000e+00
      1354   -1.0618105404e+01    2.2014348907e-01    6.6026372401e+01    6.6000000000e+01    0.0000000000e+00   -1.0542326680e+01    9.9866313427e-01    1.0000000000e+00
      1355   -1.0621649386e+01    1.6867149968e-01    6.7021768144e+01    6.7000000000e+01    0.0000000000e+00   -1.0557723539e+01    9.9389271193e-01    1.0000000000e+00
      1356   -1.0630607620e+01    1.7643216070e-01    6.7017687026e+01    6.7000000000e+01    0.0000000000e+00   -1.0572759574e+01    9.9861167266e-01    1.0000000000e+00
      1357   -1.0592244291e+01    3.2653471416e-01    6.7012742907e+01    6.7000000000e+01    0.0000000000e+00   -1.0572778238e+01    9.9851554815e-01    9.8507462687e-01
      1358   -1.0521592741e+01    1.9174646230e-01    6.5996018588e+01    6.6000000000e+01    0.0000000000e+00   -1.0572754569e+01    9.9321032387e-01    1.0000000000e+00
      1359   -1.0548108420e+01    2.2161271201e-01    6.5992408348e+01    6.6000000000e+01    0.0000000000e+00   -1.0557462247e+01    9.9693260909e-01    1.0000000000e+00
      1360   -1.0568022007e+01    1.9891664624e-01    6.7001687505e+01    6.7000000000e+01    0.0000000000e+00   -1.0557423845e+01    1.0000000000e+00    1.0000000000e+00
      1361   -1.0686562839e+01    3.2270983307e-01    6.7018076181e+01    6.7000000000e+01    0.0000000000e+00   -1.0572633409e+01    9.8994831970e-01    1.0000000000e+00
      1362   -1.0718880135e+01    3.1029874135e-01    6.7043109541e+01    6.7000000000e+01    0.0000000000e+00   -1.0572999751e+01    9.9772088828e-01    9.8507462687e-01
      1363   -1.0649921048e+01    3.4319079164e-01    6.6039285563e+01    6.6000000000e+01    0.0000000000e+00   -1.0573519412e+01    9.9721286572e-01    1.0000000000e+00
      1364   -1.0564567940e+01    4.2641833054e-01    6.7018870399e+01    6.7000000000e+01    0.0000000000e+00   -1.0558526871e+01    9.9102687307e-01    1.0000000000e+00
      1365   -1.0638846345e+01    6.4539809291e-01    6.7009167996e+01    6.7000000000e+01    0.0000000000e+00   -1.0573279745e+01    9.9748861199e-01    1.0000000000e+00
      1366   -1.0578911013e+01    4.9877040497e-01    6.7011503380e+01    6.7000000000e+01    0.0000000000e+00   -1.0573219809e+01    9.9706405151e-01    1.0000000000e+00
      1367   -1.0589325702e+01    2.7777764998e-01    6.7003233881e+01    6.7000000000e+01    0.0000000000e+00   -1.0573293869e+01    1.0000000000e+00    1.0000000000e+00
      1368   -1.0621460073e+01    3.0109783521e-01    6.7010499936e+01    6.7000000000e+01    0.0000000000e+00   -1.0573217508e+01    9.9413125219e-01    1.0000000000e+00
      1369   -1.0623222379e+01    3.0236322058e-01    6.7016112181e+01    6.7000000000e+01    0.0000000000e+00   -1.0573397288e+01    9.9819254316e-01    1.0000000000e+00
      1370   -1.0619030701e+01    2.3993557851e-01    6.7015657262e+01    6.7000000000e+01    0.0000000000e+00   -1.0573553605e+01    9.9615476417e-01    1.0000000000e+00
      1371   -1.0599417702e+01    3.6525990661e-01    6.7011669878e+01    6.7000000000e+01    0.0000000000e+00   -1.0573616103e+01    9.9753787996e-01    1.0000000000e+00
      1372   -1.0552595643e+01    3.8457223742e-01    6.7000537112e+01    6.7000000000e+01    0.0000000000e+00   -1.0573610947e+01    9.9033058177e-01    1.0000000000e+00
      1373   -1.0569450833e+01    3.4088826392e-01    6.6995564831e+01    6.7000000000e+01    0.0000000000e+00   -1.0573463674e+01    9.9211057695e-01    1.0000000000e+00
      1374   -1.0519491261e+01    3.0833768264e-01    6.6990067419e+01    6.7000000000e+01    0.0000000000e+00   -1.0573421034e+01    9.9369105313e-01    1.0000000000e+00
      1375   -1.0513724463e+01    2.7372509205e-01    6.6980833655e+01    6.7000000000e+01    0.0000000000e+00   -1.0573332796e+01    9.8248025968e-01    9.8507462687e-01
      1376   -1.0547432740e+01    3.4651186806e-01    6.5986968550e+01    6.6000000000e+01    0.0000000000e+00   -1.0573184430e+01    1.0000000000e+00    1.0000000000e+00
      1377   -1.0419136183e+01    5.0209698917e-01    6.5975076122e+01    6.6000000000e+01    0.0000000000e+00   -1.0558250092e+01    9.8747143551e-01    1.0000000000e+00
      1378   -1.0503396156e+01    3.5131108059e-01    6.5967906985e+01    6.6000000000e+01    0.0000000000e+00   -1.0557988121e+01    1.0000000000e+00    9.8484848485e-01
      1379   -1.0488871559e+01    2.7606394123e-01    6.4980402947e+01    6.5000000000e+01    0.0000000000e+00   -1.0557861243e+01    1.0000000000e+00    1.0000000000e+00
      1380   -1.0495784095e+01    1.7722027003e-01    6.4983472416e+01    6.5000000000e+01    0.0000000000e+00   -1.0542749507e+01    1.0000000000e+00    1.0000000000e+00
      1381   -1.0479096145e+01    2.6399798948e-01    6.4981922676e+01    6.5000000000e+01    0.0000000000e+00   -1.0542772879e+01    9.9923970869e-01    1.0000000000e+00
      1382   -1.0561660460e+01    2.7400580021e-01    6.4992584450e+01    6.5000000000e+01    0.0000000000e+00   -1.0542712674e+01    9.9870702971e-01    1.0000000000e+00
      1383   -1.0607912202e+01    3.9387967552e-01    6.5013343810e+01    6.5000000000e+01    0.0000000000e+00   -1.0542902370e+01    9.9930778347e-01    1.0000000000e+00
      1384   -1.0532820539e+01    3.1521063718e-01    6.5008519265e+01    6.5000000000e+01    0.0000000000e+00   -1.0543282000e+01    1.0000000000e+00    1.0000000000e+00
      1385   -1.0540382214e+01    2.3864210896e-01    6.4997620479e+01    6.5000000000e+01    0.0000000000e+00   -1.0543211720e+01    9.9511263618e-01    1.0000000000e+00
      1386   -1.0531037382e+01    2.6372301795e-01    6.4997426085e+01    6.5000000000e+01    0.0000000000e+00   -1.0543053639e+01    9.9934559787e-01    1.0000000000e+00
      1387   -1.0512859111e+01    2.7585627417e-01    6.4992972611e+01    6.5000000000e+01    0.0000000000e+00   -1.0543053230e+01    9.9515109010e-01    1.0000000000e+00
      1388   -1.0488691589e+01    2.8205525153e-01    6.4986135727e+01    6.5000000000e+01    0.0000000000e+00   -1.0542973701e+01    9.9282964513e-01    1.0000000000e+00
      1389   -1.0503695628e+01    3.4206590766e-01    6.4984672742e+01    6.5000000000e+01    0.0000000000e+00   -1.0542839460e+01    9.9755940673e-01    1.0000000000e+00
      1390   -1.0469222817e+01    3.6915542229e-01    6.4981506519e+01    6.5000000000e+01    0.0000000000e+00   -1.0542799147e+01    9.9870754366e-01    1.0000000000e+00
      1391   -1.0470424483e+01    3.1507258847e-01    6.4976143132e+01    6.5000000000e+01    0.0000000000e+00   -1.0542706942e+01    9.9794098400e-01    1.0000000000e+00
      1392   -1.0416493247e+01    3.9351321769e-01    6.4967639791e+01    6.5000000000e+01    0.0000000000e+00   -1.0542581881e+01    9.9773309491e-01    1.0000000000e+00
      1393   -1.0369860704e+01    7.1157035695e-01    6.5951712528e+01    6.6000000000e+01    0.0000000000e+00   -1.0542368389e+01    1.0000000000e+00    1.0000000000e+00
      1394   -1.0438205386e+01    3.2625660127e-01    6.5949233396e+01    6.6000000000e+01    0.0000000000e+00   -1.0557284750e+01    9.8693979653e-01    1.0000000000e+00
      1395   -1.0423987649e+01    2.8259803065e-01    6.5958278170e+01    6.6000000000e+01    0.0000000000e+00   -1.0557180959e+01    1.0000000000e+00    1.0000000000e+00
      1396   -1.0377887207e+01    4.6150791270e-01    6.6951597896e+01    6.7000000000e+01    0.0000000000e+00   -1.0557241432e+01    9.9226091524e-01    1.0000000000e+00
      1397   -1.0401028083e+01    4.1175219671e-01    6.6938750454e+01    6.7000000000e+01    0.0000000000e+00   -1.0572078202e+01    9.9732340277e-01    1.0000000000e+00
      1398   -1.0413838140e+01    3.1178890422e-01    6.6944847354e+01    6.7000000000e+01    0.0000000000e+00   -1.0571792847e+01    9.9703949107e-01    1.0000000000e+00
      1399   -1.0449809312e+01    2.9034723718e-01    6.6953036114e+01    6.7000000000e+01    0.0000000000e+00   -1.0571800115e+01    9.9881701911e-01    1.0000000000e+00
      1400   -1.0478501278e+01    4.0925920063e-01    6.6963799510e+01    6.7000000000e+01    0.0000000000e+00   -1.0571865388e+01    9.9508668282e-01    1.0000000000e+00
      1401   -1.0509392392e+01    3.9550123656e-01    6.6973672834e+01    6.7000000000e+01    0.0000000000e+00   -1.0571990417e+01    1.0000000000e+00    1.0000000000e+00
      1402   -1.0522834607e+01    3.3216604210e-01    6.6981002272e+01    6.7000000000e+01    0.0000000000e+00   -1.0572125031e+01    9.9413188170e-01    1.0000000000e+00
      1403   -1.0505185641e+01    2.8550637366e-01    6.6980307639e+01    6.7000000000e+01    0.0000000000e+00   -1.0572231600e+01    9.8897943712e-01    1.0000000000e+00
      1404   -1.0427862821e+01    2.7445860910e-01    6.6964502313e+01    6.7000000000e+01    0.0000000000e+00   -1.0572205335e+01    9.9389556760e-01    1.0000000000e+00
      1405   -1.0513479121e+01    2.8860400019e-01    6.6966004965e+01    6.7000000000e+01    0.0000000000e+00   -1.0571896403e+01    9.9748826437e-01    9.8507462687e-01
      1406   -1.0451975771e+01    2.7613354488e-01    6.5973481484e+01    6.6000000000e+01    0.0000000000e+00   -1.0571909153e+01    1.0000000000e+00    1.0000000000e+00
      1407   -1.0418794395e+01    2.3283117678e-01    6.5959846339e+01    6.6000000000e+01    0.0000000000e+00   -1.0556921920e+01    9.9733318336e-01    1.0000000000e+00
      1408   -1.0458985881e+01    3.1481252009e-01    6.5961096116e+01    6.6000000000e+01    0.0000000000e+00   -1.0556635872e+01    9.9028057604e-01    1.0000000000e+00
      1409   -1.0508933778e+01    2.4666924706e-01    6.5975907461e+01    6.6000000000e+01    0.0000000000e+00   -1.0556605160e+01    1.0000000000e+00    1.0000000000e+00
      1410   -1.0426783698e+01    3.0539415734e-01    6.5970541900e+01    6.6000000000e+01    0.0000000000e+00   -1.0556816822e+01    1.0000000000e+00    1.0000000000e+00
      1411   -1.0504003652e+01    2.7012326133e-01    6.5969797903e+01    6.6000000000e+01    0.0000000000e+00   -1.0556662291e+01    9.9120739471e-01    1.0000000000e+00
      1412   -1.0506979292e+01    2.9438847473e-01    6.5982983402e+01    6.6000000000e+01    0.0000000000e+00   -1.0556634616e+01    9.9084325534e-01    1.0000000000e+00
      1413   -1.0438592364e+01    3.7488306757e-01    6.5972131524e+01    6.6000000000e+01    0.0000000000e+00   -1.0556820277e+01    1.0000000000e+00    1.0000000000e+00
      1414   -1.0479314461e+01    3.2363258647e-01    6.5967661666e+01    6.6000000000e+01    0.0000000000e+00   -1.0556591493e+01    9.8733003975e-01    1.0000000000e+00
      1415   -1.0515978373e+01    4.4621602266e-01    6.5980371627e+01    6.6000000000e+01    0.0000000000e+00   -1.0556489357e+01    1.0000000000e+00    9.8484848485e-01
      1416   -1.0490121650e+01    3.4736724615e-01    6.4982509748e+01    6.5000000000e+01    0.0000000000e+00   -1.0556674520e+01    9.9290646355e-01    1.0000000000e+00
      1417   -1.0595687547e+01    4.0781013080e-01    6.5000210894e+01    6.5000000000e+01    0.0000000000e+00   -1.0541408982e+01    9.8648198389e-01    1.0000000000e+00
      1418   -1.0534258462e+01    3.0171861655e-01    6.5007258527e+01    6.5000000000e+01    0.0000000000e+00   -1.0541732157e+01    9.9931672430e-01    1.0000000000e+00
      1419   -1.0548912026e+01    2.3971297136e-01    6.4999688009e+01    6.5000000000e+01    0.0000000000e+00   -1.0541846445e+01    9.9512160532e-01    1.0000000000e+00
      1420   -1.0546450647e+01    2.8061254657e-01    6.5001720027e+01    6.5000000000e+01    0.0000000000e+00   -1.0541746537e+01    9.9326531867e-01    1.0000000000e+00
      1421   -1.0546972603e+01    3.1186273280e-01    6.6003310641e+01    6.6000000000e+01    0.0000000000e+00   -1.0541792535e+01    9.9038342129e-01    1.0000000000e+00
      1422   -1.0555004304e+01    2.4312325158e-01    6.5997773783e+01    6.6000000000e+01    0.0000000000e+00   -1.0557098801e+01    9.9798246317e-01    1.0000000000e+00
      1423   -1.0516115148e+01    2.9796553334e-01    6.5992733240e+01    6.6000000000e+01    0.0000000000e+00   -1.0557035833e+01    9.9722586169e-01    1.0000000000e+00
      1424   -1.0550872402e+01    2.4560101933e-01    6.6992973253e+01    6.7000000000e+01    0.0000000000e+00   -1.0556952044e+01    1.0000000000e+00    1.0000000000e+00
      1425   -1.0557478246e+01    2.2516361662e-01    6.6993850783e+01    6.7000000000e+01    0.0000000000e+00   -1.0572013025e+01    1.0000000000e+00    1.0000000000e+00
      1426   -1.0562224545e+01    3.2827669781e-01    6.6995736807e+01    6.7000000000e+01    0.0000000000e+00   -1.0572048777e+01    9.9685499336e-01    1.0000000000e+00
      1427   -1.0554951568e+01    2.0580459067e-01    6.6995281257e+01    6.7000000000e+01    0.0000000000e+00   -1.0572102995e+01    9.9597095747e-01    1.0000000000e+00
      1428   -1.0504076605e+01    2.7216076972e-01    6.6985603456e+01    6.7000000000e+01    0.0000000000e+00   -1.0572116946e+01    9.9747194847e-01    1.0000000000e+00
      1429   -1.0557036320e+01    2.3943456248e-01    6.6986002890e+01    6.7000000000e+01    0.0000000000e+00   -1.0571956309e+01    9.8965759214e-01    1.0000000000e+00
      1430   -1.0537271109e+01    2.3848514395e-01    6.6991522398e+01    6.7000000000e+01    0.0000000000e+00   -1.0571984500e+01    1.0000000000e+00    1.0000000000e+00
      1431   -1.0465467934e+01    3.3349905485e-01    6.6976205727e+01    6.7000000000e+01    0.0000000000e+00   -1.0572074778e+01    9.9535926483e-01    1.0000000000e+00
      1432   -1.0483744537e+01    2.9739493183e-01    6.6967344052e+01    6.7000000000e+01    0.0000000000e+00   -1.0571802032e+01    1.0000000000e+00    1.0000000000e+00
      1433   -1.0471919101e+01    2.3578531412e-01    6.6968481427e+01    6.7000000000e+01    0.0000000000e+00   -1.0571638907e+01    1.0000000000e+00    1.0000000000e+00
      1434   -1.0420732066e+01    2.8720755190e-01    6.6957995105e+01    6.7000000000e+01    0.0000000000e+00   -1.0571616586e+01    1.0000000000e+00    1.0000000000e+00
      1435   -1.0439434566e+01    2.8799236653e-01    6.6952638760e+01    6.7000000000e+01    0.0000000000e+00   -1.0571383782e+01    1.0000000000e+00    1.0000000000e+00
      1436   -1.0415833284e+01    3.5717755552e-01    6.6951849925e+01    6.7000000000e+01    0.0000000000e+00   -1.0571241181e+01    9.9864738986e-01    1.0000000000e+00
      1437   -1.0452265771e+01    2.7665225961e-01    6.6954006471e+01    6.7000000000e+01    0.0000000000e+00   -1.0571149871e+01    9.9889017902e-01    1.0000000000e+00
      1438   -1.0407781363e+01    3.4699793278e-01    6.6952692127e+01    6.7000000000e+01    0.0000000000e+00   -1.0571128915e+01    9.9785694081e-01    1.0000000000e+00
      1439   -1.0430520684e+01    3.5784837252e-01    6.6949065830e+01    6.7000000000e+01    0.0000000000e+00   -1.0571024170e+01    9.9652813670e-01    1.0000000000e+00
      1440   -1.0475104759e+01    2.9922689705e-01    6.6960339022e+01    6.7000000000e+01    0.0000000000e+00   -1.0570901373e+01    9.9456105192e-01    1.0000000000e+00
      1441   -1.0477620614e+01    2.9190186732e-01    6.6968165454e+01    6.7000000000e+01    0.0000000000e+00   -1.0571033260e+01    9.9397802317e-01    1.0000000000e+00
      1442   -1.0453428391e+01    3.1376590981e-01    6.7965738884e+01    6.8000000000e+01    0.0000000000e+00   -1.0571115512e+01    1.0000000000e+00    1.0000000000e+00
      1443   -1.0467020496e+01    5.3256460786e-01    6.7957170226e+01    6.8000000000e+01    0.0000000000e+00   -1.0585849946e+01    1.0000000000e+00    1.0000000000e+00
      1444   -1.0410409129e+01    5.2098125103e-01    6.7949869204e+01    6.8000000000e+01    0.0000000000e+00   -1.0585681750e+01    1.0000000000e+00    1.0000000000e+00
      1445   -1.0450805937e+01    4.1924680027e-01    6.8952541116e+01    6.9000000000e+01    0.0000000000e+00   -1.0585491672e+01    9.9066460662e-01    1.0000000000e+00
      1446   -1.0517940357e+01    4.3179690620e-01    6.8959856206e+01    6.9000000000e+01    0.0000000000e+00   -1.0600086333e+01    9.9287680596e-01    1.0000000000e+00
      1447   -1.0481723542e+01    5.8644294969e-01    6.8965136445e+01    6.9000000000e+01    0.0000000000e+00   -1.0600186969e+01    9.9958714036e-01    1.0000000000e+00
      1448   -1.0428701810e+01    4.0585967140e-01    6.8949776507e+01    6.9000000000e+01    0.0000000000e+00   -1.0600232189e+01    9.9461371257e-01    1.0000000000e+00
      1449   -1.0493717346e+01    4.2204641654e-01    6.9954256814e+01    7.0000000000e+01    0.0000000000e+00   -1.0599940243e+01    9.9639466437e-01    1.0000000000e+00
      1450   -1.0478531416e+01    5.1114672106e-01    6.9954920552e+01    7.0000000000e+01    0.0000000000e+00   -1.0614380772e+01    1.0000000000e+00    1.0000000000e+00
      1451   -1.0455421789e+01    5.6034374734e-01    6.9948214852e+01    7.0000000000e+01    0.0000000000e+00   -1.0614356790e+01    1.0000000000e+00    1.0000000000e+00
      1452   -1.0500008498e+01    3.6431625575e-01    6.9952021534e+01    7.0000000000e+01    0.0000000000e+00   -1.0614211023e+01    1.0000000000e+00    1.0000000000e+00
      1453   -1.0517065386e+01    4.5622245911e-01    7.0962973062e+01    7.1000000000e+01    0.0000000000e+00   -1.0614247389e+01    9.9899085913e-01    1.0000000000e+00
      1454   -1.0535820990e+01    4.5005810308e-01    7.0963514891e+01    7.1000000000e+01    0.0000000000e+00   -1.0628590143e+01    9.9503487002e-01    1.0000000000e+00
      1455   -1.0478860821e+01    3.7053374141e-01    7.0956770594e+01    7.1000000000e+01    0.0000000000e+00   -1.0628605256e+01    9.9213825710e-01    1.0000000000e+00
      1456   -1.0406962894e+01    4.2488033038e-01    7.0934055720e+01    7.1000000000e+01    0.0000000000e+00   -1.0628477167e+01    1.0000000000e+00    1.0000000000e+00
      1457   -1.0427715695e+01    4.5745588741e-01    7.0925144239e+01    7.1000000000e+01    0.0000000000e+00   -1.0628072895e+01    9.9717147155e-01    1.0000000000e+00
      1458   -1.0460425443e+01    3.6678863725e-01    7.0934660153e+01    7.1000000000e+01    0.0000000000e+00   -1.0627878017e+01    9.8962358237e-01    1.0000000000e+00
      1459   -1.0528832612e+01    3.8043937915e-01    7.0952532838e+01    7.1000000000e+01    0.0000000000e+00   -1.0627966250e+01    9.9827124720e-01    1.0000000000e+00
      1460   -1.0560057414e+01    5.0045324236e-01    7.0970042431e+01    7.1000000000e+01    0.0000000000e+00   -1.0628220832e+01    9.9498762248e-01    1.0000000000e+00
      1461   -1.0610743176e+01    6.5461182982e-01    7.0984349446e+01    7.1000000000e+01    0.0000000000e+00   -1.0628492360e+01    9.9312750059e-01    9.8591549296e-01
      1462   -1.0582305913e+01    6.0332884835e-01    6.9991335874e+01    7.0000000000e+01    0.0000000000e+00   -1.0628754574e+01    9.9678939075e-01    9.8571428571e-01
      1463   -1.0595421213e+01    7.7765618103e-01    6.8993528147e+01    6.9000000000e+01    0.0000000000e+00   -1.0614707043e+01    1.0000000000e+00    1.0000000000e+00
      1464   -1.0516744309e+01    3.7972702533e-01    6.8984260633e+01    6.9000000000e+01    0.0000000000e+00   -1.0600397935e+01    9.9900928295e-01    1.0000000000e+00
      1465   -1.0522179126e+01    7.3003542219e-01    6.8971830208e+01    6.9000000000e+01    0.0000000000e+00   -1.0600257577e+01    9.9117347520e-01    1.0000000000e+00
      1466   -1.0534919572e+01    5.5078990614e-01    6.8974984323e+01    6.9000000000e+01    0.0000000000e+00   -1.0600075192e+01    9.9884398153e-01    9.8550724638e-01
      1467   -1.0529927793e+01    3.3383784039e-01    6.7981051761e+01    6.8000000000e+01    0.0000000000e+00   -1.0600127738e+01    1.0000000000e+00    1.0000000000e+00
      1468   -1.0415942865e+01    2.5449503686e-01    6.7961587677e+01    6.8000000000e+01    0.0000000000e+00   -1.0585616148e+01    1.0000000000e+00    1.0000000000e+00
      1469   -1.0439567997e+01    2.9741671921e-01    6.7946447319e+01    6.8000000000e+01    0.0000000000e+00   -1.0585252745e+01    9.9314341252e-01    1.0000000000e+00
      1470   -1.0426258988e+01    3.1037623281e-01    6.7948273462e+01    6.8000000000e+01    0.0000000000e+00   -1.0584969643e+01    9.9489878470e-01    1.0000000000e+00
      1471   -1.0472984216e+01    2.6141020394e-01    6.7953949273e+01    6.8000000000e+01    0.0000000000e+00   -1.0584926938e+01    9.9500793780e-01    1.0000000000e+00
      1472   -1.0445888790e+01    2.7968628341e-01    6.7957273203e+01    6.8000000000e+01    0.0000000000e+00   -1.0584973842e+01    9.9581974222e-01    1.0000000000e+00
      1473   -1.0450339354e+01    2.4564986004e-01    6.7953447198e+01    6.8000000000e+01    0.0000000000e+00   -1.0584967142e+01    9.9667941894e-01    1.0000000000e+00
      1474   -1.0442141394e+01    2.6828513629e-01    6.7952849944e+01    6.8000000000e+01    0.0000000000e+00   -1.0584858430e+01    1.0000000000e+00    1.0000000000e+00
      1475   -1.0426700153e+01    2.4727604463e-01    6.7948875992e+01    6.8000000000e+01    0.0000000000e+00   -1.0584791552e+01    9.9751693770e-01    1.0000000000e+00
      1476   -1.0392916356e+01    3.0078884249e-01    6.7940576336e+01    6.8000000000e+01    0.0000000000e+00   -1.0584664233e+01    1.0000000000e+00    1.0000000000e+00
      1477   -1.0386539208e+01    2.4384743079e-01    6.7933848990e+01    6.8000000000e+01    0.0000000000e+00   -1.0584449665e+01    9.9618534105e-01    1.0000000000e+00
      1478   -1.0451113020e+01    2.4772156470e-01    6.7943783646e+01    6.8000000000e+01    0.0000000000e+00   -1.0584253892e+01    1.0000000000e+00    1.0000000000e+00
      1479   -1.0464718444e+01    3.1843835430e-01    6.7956973800e+01    6.8000000000e+01    0.0000000000e+00   -1.0584348694e+01    9.9751223044e-01    1.0000000000e+00
      1480   -1.0463535128e+01    3.2468608291e-01    6.7958991124e+01    6.8000000000e+01    0.0000000000e+00   -1.0584500967e+01    9.9783721139e-01    1.0000000000e+00
      1481   -1.0475275522e+01    3.0795856595e-01    6.7960766753e+01    6.8000000000e+01    0.0000000000e+00   -1.0584488043e+01    1.0000000000e+00    1.0000000000e+00
      1482   -1.0490613171e+01    2.6703767309e-01    6.7965370523e+01    6.8000000000e+01    0.0000000000e+00   -1.0584479819e+01    1.0000000000e+00    9.8529411765e-01
      1483   -1.0481687468e+01    3.1894583832e-01    6.6968042715e+01    6.7000000000e+01    0.0000000000e+00   -1.0584523958e+01    1.0000000000e+00    1.0000000000e+00
      1484   -1.0509498860e+01    3.2471615361e-01    6.6975038079e+01    6.7000000000e+01    0.0000000000e+00   -1.0569711379e+01    9.9559431432e-01    1.0000000000e+00
      1485   -1.0498850446e+01    3.0659339441e-01    6.6977860507e+01    6.7000000000e+01    0.0000000000e+00   -1.0569805462e+01    1.0000000000e+00    1.0000000000e+00
      1486   -1.0486346277e+01    3.2498668501e-01    6.6973984109e+01    6.7000000000e+01    0.0000000000e+00   -1.0569829833e+01    9.9341645038e-01    1.0000000000e+00
      1487   -1.0479745286e+01    3.5870331852e-01    6.6970808459e+01    6.7000000000e+01    0.0000000000e+00   -1.0569745508e+01    9.9310470571e-01    1.0000000000e+00
      1488   -1.0508950224e+01    4.1419781762e-01    6.6974583254e+01    6.7000000000e+01    0.0000000000e+00   -1.0569667090e+01    9.9641337512e-01    1.0000000000e+00
      1489   -1.0499132027e+01    4.0789344693e-01    6.7982518405e+01    6.8000000000e+01    0.0000000000e+00   -1.0569712791e+01    1.0000000000e+00    1.0000000000e+00
      1490   -1.0451298485e+01    2.6246536037e-01    6.7962652589e+01    6.8000000000e+01    0.0000000000e+00   -1.0584632722e+01    9.9721696722e-01    1.0000000000e+00
      1491   -1.0519276882e+01    2.8720574004e-01    6.7966236526e+01    6.8000000000e+01    0.0000000000e+00   -1.0584289824e+01    1.0000000000e+00    1.0000000000e+00
      1492   -1.0521752666e+01    3.1044360841e-01    6.7978161981e+01    6.8000000000e+01    0.0000000000e+00   -1.0584339132e+01    9.9698973678e-01    1.0000000000e+00
      1493   -1.0460721908e+01    3.2343542527e-01    6.7968164648e+01    6.8000000000e+01    0.0000000000e+00   -1.0584512874e+01    9.9270140626e-01    9.8529411765e-01
      1494   -1.0468216258e+01    2.9306515197e-01    6.6962361396e+01    6.7000000000e+01    0.0000000000e+00   -1.0584321830e+01    1.0000000000e+00    1.0000000000e+00
      1495   -1.0541561586e+01    2.8597367569e-01    6.6978256070e+01    6.7000000000e+01    0.0000000000e+00   -1.0569374374e+01    1.0000000000e+00    1.0000000000e+00
      1496   -1.0515171557e+01    1.7564131548e-01    6.6986030961e+01    6.7000000000e+01    0.0000000000e+00   -1.0569623770e+01    9.9794509676e-01    1.0000000000e+00
      1497   -1.0467261341e+01    1.6141310437e-01    6.6973663238e+01    6.7000000000e+01    0.0000000000e+00   -1.0569733647e+01    1.0000000000e+00    9.8507462687e-01
      1498   -1.0598297522e+01    2.2727875097e-01    6.6989692469e+01    6.7000000000e+01    0.0000000000e+00   -1.0569509723e+01    1.0000000000e+00    1.0000000000e+00
      1499   -1.0517744554e+01    6.0178392376e-01    6.6995828657e+01    6.7000000000e+01    0.0000000000e+00   -1.0569800241e+01    9.9680737961e-01    1.0000000000e+00
      1500   -1.0461129263e+01    3.4386768329e-01    6.6972853533e+01    6.7000000000e+01    0.0000000000e+00   -1.0569887422e+01    1.0000000000e+00    1.0000000000e+00
      1501   -1.0453310427e+01    3.0882910898e-01    6.6962233746e+01    6.7000000000e+01    0.0000000000e+00   -1.0569501004e+01    1.0000000000e+00    1.0000000000e+00
      1502   -1.0488814138e+01    3.5568237906e-01    6.6966958979e+01    6.7000000000e+01    0.0000000000e+00   -1.0569293672e+01    1.0000000000e+00    1.0000000000e+00
      1503   -1.0515267608e+01    2.9536832755e-01    6.6977286363e+01    6.7000000000e+01    0.0000000000e+00   -1.0569339986e+01    9.9280893244e-01    1.0000000000e+00
      1504   -1.0559284202e+01    2.6642239221e-01    6.6989015394e+01    6.7000000000e+01    0.0000000000e+00   -1.0569488168e+01    9.9391646510e-01    1.0000000000e+00
      1505   -1.0521727708e+01    3.7286994956e-01    6.6990021798e+01    6.7000000000e+01    0.0000000000e+00   -1.0569687511e+01    9.9617431766e-01    1.0000000000e+00
      1506   -1.0550317107e+01    3.3507740907e-01    6.6988497686e+01    6.7000000000e+01    0.0000000000e+00   -1.0569700944e+01    9.9424469057e-01    1.0000000000e+00
      1507   -1.0546490662e+01    3.7983102066e-01    6.7993224999e+01    6.8000000000e+01    0.0000000000e+00   -1.0569696228e+01    9.9852832660e-01    1.0000000000e+00
      1508   -1.0539680054e+01    3.4768201475e-01    6.7985653042e+01    6.8000000000e+01    0.0000000000e+00   -1.0584598753e+01    9.9724513891e-01    1.0000000000e+00
      1509   -1.0541358039e+01    3.2058075142e-01    6.7984821924e+01    6.8000000000e+01    0.0000000000e+00   -1.0584498080e+01    9.9860783749e-01    1.0000000000e+00
      1510   -1.0544503720e+01    3.0885006297e-01    6.7985659532e+01    6.8000000000e+01    0.0000000000e+00   -1.0584497686e+01    1.0000000000e+00    1.0000000000e+00
      1511   -1.0599993878e+01    3.0221176020e-01    6.7995595137e+01    6.8000000000e+01    0.0000000000e+00   -1.0584523975e+01    9.8883431244e-01    1.0000000000e+00
      1512   -1.0552678858e+01    3.3418479904e-01    6.7996918714e+01    6.8000000000e+01    0.0000000000e+00   -1.0584722011e+01    9.9128391237e-01    1.0000000000e+00
      1513   -1.0564441475e+01    2.8709425534e-01    6.7990882822e+01    6.8000000000e+01    0.0000000000e+00   -1.0584760968e+01    9.9871205995e-01    1.0000000000e+00
      1514   -1.0578570069e+01    2.7838939849e-01    6.7995304495e+01    6.8000000000e+01    0.0000000000e+00   -1.0584699697e+01    1.0000000000e+00    1.0000000000e+00
      1515   -1.0535463462e+01    2.4991790386e-01    6.7990380607e+01    6.8000000000e+01    0.0000000000e+00   -1.0584801834e+01    1.0000000000e+00    1.0000000000e+00
      1516   -1.0523712739e+01    2.9264112804e-01    6.7981115178e+01    6.8000000000e+01    0.0000000000e+00   -1.0584737068e+01    9.9246445295e-01    1.0000000000e+00
      1517   -1.0546520663e+01    2.3250241308e-01    6.7983029085e+01    6.8000000000e+01    0.0000000000e+00   -1.0584600414e+01    9.9683781866e-01    1.0000000000e+00
      1518   -1.0529749024e+01    2.1158974786e-01    6.7984062972e+01    6.8000000000e+01    0.0000000000e+00   -1.0584643736e+01    9.9516599220e-01    1.0000000000e+00
      1519   -1.0497533161e+01    2.0672974966e-01    6.7975780815e+01    6.8000000000e+01    0.0000000000e+00   -1.0584662674e+01    9.9876789498e-01    1.0000000000e+00
      1520   -1.0531607590e+01    2.5752819718e-01    6.7976132932e+01    6.8000000000e+01    0.0000000000e+00   -1.0584522652e+01    1.0000000000e+00    1.0000000000e+00
      1521   -1.0526690201e+01    3.0967573459e-01    6.7981038073e+01    6.8000000000e+01    0.0000000000e+00   -1.0584532831e+01    9.9524204288e-01    1.0000000000e+00
      1522   -1.0530383505e+01    3.9380999020e-01    6.7980754033e+01    6.8000000000e+01    0.0000000000e+00   -1.0584606640e+01    9.9916635560e-01    1.0000000000e+00
      1523   -1.0523460039e+01    4.4545125638e-01    6.7980152032e+01    6.8000000000e+01    0.0000000000e+00   -1.0584606618e+01    9.9764346039e-01    1.0000000000e+00
      1524   -1.0571306288e+01    3.4784102669e-01    6.7987103408e+01    6.8000000000e+01    0.0000000000e+00   -1.0584597216e+01    9.9719756813e-01    1.0000000000e+00
      1525   -1.0486284291e+01    2.5062269030e-01    6.7980788296e+01    6.8000000000e+01    0.0000000000e+00   -1.0584731360e+01    9.9789849766e-01    1.0000000000e+00
      1526   -1.0540999921e+01    3.3452823749e-01    6.7975730302e+01    6.8000000000e+01    0.0000000000e+00   -1.0584612715e+01    9.9527308391e-01    1.0000000000e+00
      1527   -1.0529537027e+01    3.0708292050e-01    6.7983068947e+01    6.8000000000e+01    0.0000000000e+00   -1.0584549635e+01    9.8436001780e-01    1.0000000000e+00
      1528   -1.0554550090e+01    2.8414066106e-01    6.7985326205e+01    6.8000000000e+01    0.0000000000e+00   -1.0584661145e+01    9.9731923906e-01    1.0000000000e+00
      1529   -1.0572997095e+01    3.1546127091e-01    6.7992667311e+01    6.8000000000e+01    0.0000000000e+00   -1.0584714810e+01    1.0000000000e+00    1.0000000000e+00
      1530   -1.0498830819e+01    2.7029829300e-01    6.7983188540e+01    6.8000000000e+01    0.0000000000e+00   -1.0584855685e+01    1.0000000000e+00    1.0000000000e+00
      1531   -1.0546432761e+01    2.6345537576e-01    6.7978766471e+01    6.8000000000e+01    0.0000000000e+00   -1.0584699043e+01    9.9763633744e-01    1.0000000000e+00
      1532   -1.0595726740e+01    2.8041957944e-01    6.7995191120e+01    6.8000000000e+01    0.0000000000e+00   -1.0584648914e+01    9.9768828488e-01    1.0000000000e+00
      1533   -1.0608437401e+01    3.1067663794e-01    6.8005588892e+01    6.8000000000e+01    0.0000000000e+00   -1.0584938638e+01    9.9583418407e-01    1.0000000000e+00
      1534   -1.0567567880e+01    3.6185799903e-01    6.8000712257e+01    6.8000000000e+01    0.0000000000e+00   -1.0585148185e+01    1.0000000000e+00    1.0000000000e+00
      1535   -1.0597666098e+01    3.6264936314e-01    6.7998887588e+01    6.8000000000e+01    0.0000000000e+00   -1.0585105514e+01    9.9854109172e-01    1.0000000000e+00
      1536   -1.0608985122e+01    4.0782804662e-01    6.8005870453e+01    6.8000000000e+01    0.0000000000e+00   -1.0585127938e+01    9.9712756990e-01    9.8529411765e-01
      1537   -1.0591969901e+01    2.9676378011e-01    6.7007541169e+01    6.7000000000e+01    0.0000000000e+00   -1.0585287426e+01    9.9224784108e-01    1.0000000000e+00
      1538   -1.0555996478e+01    2.5321306676e-01    6.7000905524e+01    6.7000000000e+01    0.0000000000e+00   -1.0570543853e+01    1.0000000000e+00    1.0000000000e+00
      1539   -1.0564972041e+01    2.4707417277e-01    6.6996470264e+01    6.7000000000e+01    0.0000000000e+00   -1.0570465891e+01    9.9457848310e-01    1.0000000000e+00
      1540   -1.0564328478e+01    2.8224528857e-01    6.6997875906e+01    6.7000000000e+01    0.0000000000e+00   -1.0570426759e+01    9.8278522112e-01    1.0000000000e+00
      1541   -1.0555538915e+01    2.7391212370e-01    6.6996277440e+01    6.7000000000e+01    0.0000000000e+00   -1.0570474338e+01    1.0000000000e+00    1.0000000000e+00
      1542   -1.0554248184e+01    4.2851413716e-01    6.6994550566e+01    6.7000000000e+01    0.0000000000e+00   -1.0570471151e+01    9.9256751135e-01    1.0000000000e+00
      1543   -1.0558417874e+01    3.0738643499e-01    6.6995028899e+01    6.7000000000e+01    0.0000000000e+00   -1.0570465155e+01    9.9782355759e-01    1.0000000000e+00
      1544   -1.0526808783e+01    4.7241289094e-01    6.6990398882e+01    6.7000000000e+01    0.0000000000e+00   -1.0570494839e+01    9.9671569364e-01    1.0000000000e+00
      1545   -1.0569065631e+01    4.6218726626e-01    6.6992168457e+01    6.7000000000e+01    0.0000000000e+00   -1.0570427097e+01    9.9625157267e-01    1.0000000000e+00
      1546   -1.0520774074e+01    4.3430243503e-01    6.6991102101e+01    6.7000000000e+01    0.0000000000e+00   -1.0570483128e+01    9.9552204053e-01    9.8507462687e-01
      1547   -1.0609377317e+01    4.4134504056e-01    6.7002108712e+01    6.7000000000e+01    0.0000000000e+00   -1.0570464527e+01    9.9402276801e-01    1.0000000000e+00
      1548   -1.0290836879e+01    8.2350134026e+00    6.6957781560e+01    6.7000000000e+01    0.0000000000e+00   -1.0570685281e+01    1.0000000000e+00    9.8507462687e-01
      1549   -1.0605636183e+01    2.5362432907e-01    6.6015005168e+01    6.6000000000e+01    0.0000000000e+00   -1.0569867375e+01    1.0000000000e+00    1.0000000000e+00
      1550   -1.0611515532e+01    2.5233031655e-01    6.6017178266e+01    6.6000000000e+01    0.0000000000e+00   -1.0555741113e+01    1.0000000000e+00    9.8484848485e-01
      1551   -1.0613201324e+01    2.8079511029e-01    6.5018722667e+01    6.5000000000e+01    0.0000000000e+00   -1.0555831841e+01    9.9792445869e-01    1.0000000000e+00
      1552   -1.0604719052e+01    3.0877615378e-01    6.5021914396e+01    6.5000000000e+01    0.0000000000e+00   -1.0540650981e+01    1.0000000000e+00    1.0000000000e+00
      1553   -1.0632501600e+01    3.2761240862e-01    6.5024989433e+01    6.5000000000e+01    0.0000000000e+00   -1.0540753203e+01    9.9446978409e-01    1.0000000000e+00
      1554   -1.0557123871e+01    2.8198845843e-01    6.5017236859e+01    6.5000000000e+01    0.0000000000e+00   -1.0540872030e+01    9.9453807227e-01    1.0000000000e+00
      1555   -1.0558319602e+01    2.8298034669e-01    6.5005270425e+01    6.5000000000e+01    0.0000000000e+00   -1.0540774154e+01    9.9608286244e-01    9.8461538462e-01
      1556   -1.0624292799e+01    3.7973993188e-01    6.4018408448e+01    6.4000000000e+01    0.0000000000e+00   -1.0540612208e+01    1.0000000000e+00    1.0000000000e+00
      1557   -1.0585122589e+01    3.8820567732e-01    6.4025033888e+01    6.4000000000e+01    0.0000000000e+00   -1.0525380402e+01    1.0000000000e+00    1.0000000000e+00
      1558   -1.0642645973e+01    4.6545547446e-01    6.4027881062e+01    6.4000000000e+01    0.0000000000e+00   -1.0525523697e+01    9.9434011201e-01    1.0000000000e+00
      1559   -1.0620126536e+01    4.0425276323e-01    6.4033405090e+01    6.4000000000e+01    0.0000000000e+00   -1.0525646041e+01    9.9843630754e-01    1.0000000000e+00
      1560   -1.0664972923e+01    3.4227607394e-01    6.4036941841e+01    6.4000000000e+01    0.0000000000e+00   -1.0525795171e+01    9.9852471565e-01    1.0000000000e+00
      1561   -1.0622587665e+01    4.3743552081e-01    6.4037300139e+01    6.4000000000e+01    0.0000000000e+00   -1.0525942857e+01    9.8992992646e-01    1.0000000000e+00
      1562   -1.0554707022e+01    3.0433243308e-01    6.4019716670e+01    6.4000000000e+01    0.0000000000e+00   -1.0526012752e+01    1.0000000000e+00    1.0000000000e+00
      1563   -1.0529424136e+01    2.6366438524e-01    6.4004969465e+01    6.4000000000e+01    0.0000000000e+00   -1.0525757483e+01    1.0000000000e+00    1.0000000000e+00
      1564   -1.0505404395e+01    2.5941136207e-01    6.3997221198e+01    6.4000000000e+01    0.0000000000e+00   -1.0525529728e+01    9.8616415169e-01    1.0000000000e+00
      1565   -1.0555256920e+01    2.8958361405e-01    6.4001374722e+01    6.4000000000e+01    0.0000000000e+00   -1.0525395431e+01    9.9554741799e-01    1.0000000000e+00
      1566   -1.0568945680e+01    3.4042148313e-01    6.4011454470e+01    6.4000000000e+01    0.0000000000e+00   -1.0525479999e+01    9.9192410957e-01    1.0000000000e+00
      1567   -1.0571621115e+01    4.9211498718e-01    6.4013961698e+01    6.4000000000e+01    0.0000000000e+00   -1.0525666146e+01    9.9730884143e-01    1.0000000000e+00
      1568   -1.0608374508e+01    4.7224537121e-01    6.4020167068e+01    6.4000000000e+01    0.0000000000e+00   -1.0525735705e+01    1.0000000000e+00    1.0000000000e+00
      1569   -1.0597108273e+01    3.6097776293e-01    6.4024175384e+01    6.4000000000e+01    0.0000000000e+00   -1.0525887185e+01    9.9630513642e-01    1.0000000000e+00
      1570   -1.0533629689e+01    4.1530288061e-01    6.4012263304e+01    6.4000000000e+01    0.0000000000e+00   -1.0525996856e+01    9.9811921425e-01    1.0000000000e+00
      1571   -1.0442901353e+01    4.3735069353e-01    6.3987742109e+01    6.4000000000e+01    0.0000000000e+00   -1.0525816050e+01    9.9139847706e-01    1.0000000000e+00
      1572   -1.0514448246e+01    2.7820047851e-01    6.3984817486e+01    6.4000000000e+01    0.0000000000e+00   -1.0525378554e+01    9.9242972445e-01    1.0000000000e+00
      1573   -1.0524985889e+01    2.4690300313e-01    6.3998000907e+01    6.4000000000e+01    0.0000000000e+00   -1.0525325545e+01    9.9666860330e-01    1.0000000000e+00
      1574   -1.0521313254e+01    2.1492360708e-01    6.3999070096e+01    6.4000000000e+01    0.0000000000e+00   -1.0525531185e+01    1.0000000000e+00    1.0000000000e+00
      1575   -1.0561510340e+01    2.5529681369e-01    6.4004889292e+01    6.4000000000e+01    0.0000000000e+00   -1.0525545105e+01    9.9274380538e-01    1.0000000000e+00
      1576   -1.0531632963e+01    3.5510460838e-01    6.4006468785e+01    6.4000000000e+01    0.0000000000e+00   -1.0525659586e+01    9.9884356836e-01    1.0000000000e+00
      1577   -1.0596865363e+01    2.9221437728e-01    6.4012080217e+01    6.4000000000e+01    0.0000000000e+00   -1.0525688225e+01    9.9125142175e-01    1.0000000000e+00
      1578   -1.0592885176e+01    2.7323634877e-01    6.4021842851e+01    6.4000000000e+01    0.0000000000e+00   -1.0525822539e+01    9.9744745926e-01    9.8437500000e-01
      1579   -1.0510509554e+01    6.0667353777e-01    6.3009877054e+01    6.3000000000e+01    0.0000000000e+00   -1.0526019024e+01    1.0000000000e+00    1.0000000000e+00
      1580   -1.0594949085e+01    3.0263226195e-01    6.3013116679e+01    6.3000000000e+01    0.0000000000e+00   -1.0510076283e+01    9.9779692465e-01    1.0000000000e+00
      1581   -1.0607408806e+01    2.5333774855e-01    6.3028422053e+01    6.3000000000e+01    0.0000000000e+00   -1.0510172948e+01    9.9483734020e-01    1.0000000000e+00
      1582   -1.0662161369e+01    5.3571214658e-01    6.3038794131e+01    6.3000000000e+01    0.0000000000e+00   -1.0510469137e+01    9.9470908016e-01    1.0000000000e+00
      1583   -1.0658084332e+01    3.4955365289e-01    6.3046634339e+01    6.3000000000e+01    0.0000000000e+00   -1.0510722658e+01    9.9401598414e-01    1.0000000000e+00
      1584   -1.0583132512e+01    8.6266977805e-01    6.3034077574e+01    6.3000000000e+01    0.0000000000e+00   -1.0510933220e+01    9.9115203324e-01    1.0000000000e+00
      1585   -1.0578971617e+01    4.2284344381e-01    6.3021686852e+01    6.3000000000e+01    0.0000000000e+00   -1.0510771292e+01    1.0000000000e+00    1.0000000000e+00
      1586   -1.0663012290e+01    6.5414489166e-01    6.4036203018e+01    6.4000000000e+01    0.0000000000e+00   -1.0510609201e+01    9.9750873096e-01    1.0000000000e+00
      1587   -1.0632003863e+01    5.2939997704e-01    6.4038146359e+01    6.4000000000e+01    0.0000000000e+00   -1.0526668028e+01    9.9719842706e-01    1.0000000000e+00
      1588   -1.0558360009e+01    4.0247753368e-01    6.4021420971e+01    6.4000000000e+01    0.0000000000e+00   -1.0526767231e+01    9.9811657129e-01    1.0000000000e+00
      1589   -1.0576512707e+01    2.9619263663e-01    6.4012745516e+01    6.4000000000e+01    0.0000000000e+00   -1.0526526934e+01    1.0000000000e+00    1.0000000000e+00
      1590   -1.0538384481e+01    3.0112656807e-01    6.4009651472e+01    6.4000000000e+01    0.0000000000e+00   -1.0526424092e+01    1.0000000000e+00    1.0000000000e+00
      1591   -1.0506623971e+01    3.1491571611e-01    6.3998536007e+01    6.4000000000e+01    0.0000000000e+00   -1.0526383647e+01    1.0000000000e+00    1.0000000000e+00
      1592   -1.0511924628e+01    2.8700376972e-01    6.3994376861e+01    6.4000000000e+01    0.0000000000e+00   -1.0526197262e+01    1.0000000000e+00    1.0000000000e+00
      1593   -1.0640107274e+01    4.7275612563e-01    6.4015651279e+01    6.4000000000e+01    0.0000000000e+00   -1.0526123007e+01    1.0000000000e+00    1.0000000000e+00
      1594   -1.0577303987e+01    3.4774338320e-01    6.4025917031e+01    6.4000000000e+01    0.0000000000e+00   -1.0526529161e+01    9.8570474823e-01    1.0000000000e+00
      1595   -1.0610767172e+01    3.7844987799e-01    6.4021194690e+01    6.4000000000e+01    0.0000000000e+00   -1.0526722533e+01    1.0000000000e+00    1.0000000000e+00
      1596   -1.0600398173e+01    3.4045008480e-01    6.4024887542e+01    6.4000000000e+01    0.0000000000e+00   -1.0526703398e+01    1.0000000000e+00    1.0000000000e+00
      1597   -1.0573701849e+01    2.4883986536e-01    6.4018964097e+01    6.4000000000e+01    0.0000000000e+00   -1.0526808930e+01    1.0000000000e+00    1.0000000000e+00
      1598   -1.0567286819e+01    3.0939108432e-01    6.4013741032e+01    6.4000000000e+01    0.0000000000e+00   -1.0526746951e+01    1.0000000000e+00    1.0000000000e+00
      1599   -1.0663619189e+01    3.8846688970e-01    6.4028077145e+01    6.4000000000e+01    0.0000000000e+00   -1.0526691725e+01    1.0000000000e+00    1.0000000000e+00
      1600   -1.0608031395e+01    3.0449698166e-01    6.5035868546e+01    6.5000000000e+01    0.0000000000e+00   -1.0527004132e+01    9.8570045443e-01    1.0000000000e+00
      1601   -1.0575456214e+01    2.8236834413e-01    6.5015658078e+01    6.5000000000e+01    0.0000000000e+00   -1.0542673906e+01    9.9219748098e-01    1.0000000000e+00
      1602   -1.0638149295e+01    2.6141272432e-01    6.5020650952e+01    6.5000000000e+01    0.0000000000e+00   -1.0542394567e+01    1.0000000000e+00    1.0000000000e+00
      1603   -1.0635732792e+01    2.8292617200e-01    6.5030374589e+01    6.5000000000e+01    0.0000000000e+00   -1.0542543155e+01    9.8922568673e-01    1.0000000000e+00
      1604   -1.0725649433e+01    2.9001968986e-01    6.5044479553e+01    6.5000000000e+01    0.0000000000e+00   -1.0542762840e+01    9.9530742432e-01    1.0000000000e+00
      1605   -1.0685224690e+01    2.9468933464e-01    6.5052376348e+01    6.5000000000e+01    0.0000000000e+00   -1.0543107597e+01    1.0000000000e+00    1.0000000000e+00
      1606   -1.0672548976e+01    3.1536209463e-01    6.5043689921e+01    6.5000000000e+01    0.0000000000e+00   -1.0543330735e+01    9.9334569006e-01    1.0000000000e+00
      1607   -1.0615063172e+01    2.7430402846e-01    6.5032340490e+01    6.5000000000e+01    0.0000000000e+00   -1.0543290663e+01    1.0000000000e+00    1.0000000000e+00
      1608   -1.0583363903e+01    3.1197779713e-01    6.5017942584e+01    6.5000000000e+01    0.0000000000e+00   -1.0543172608e+01    9.9857320902e-01    1.0000000000e+00
      1609   -1.0611781774e+01    4.1543478927e-01    6.5017443262e+01    6.5000000000e+01    0.0000000000e+00   -1.0542987231e+01    9.9688541183e-01    1.0000000000e+00
      1610   -1.0573222804e+01    3.3988062357e-01    6.5015746445e+01    6.5000000000e+01    0.0000000000e+00   -1.0543033766e+01    9.9287069994e-01    1.0000000000e+00
      1611   -1.0594091901e+01    4.2035800376e-01    6.5012871106e+01    6.5000000000e+01    0.0000000000e+00   -1.0543037112e+01    1.0000000000e+00    1.0000000000e+00
      1612   -1.0536106096e+01    2.9997929505e-01    6.5006867680e+01    6.5000000000e+01    0.0000000000e+00   -1.0543035652e+01    9.9426543097e-01    1.0000000000e+00
      1613   -1.0557936514e+01    2.6717294175e-01    6.5001092756e+01    6.5000000000e+01    0.0000000000e+00   -1.0542948918e+01    9.9556011307e-01    1.0000000000e+00
      1614   -1.0550879322e+01    2.6311862505e-01    6.5003534538e+01    6.5000000000e+01    0.0000000000e+00   -1.0542879642e+01    9.9166282763e-01    1.0000000000e+00
      1615   -1.0504630624e+01    3.5467264235e-01    6.4994870799e+01    6.5000000000e+01    0.0000000000e+00   -1.0542932236e+01    9.9607593426e-01    1.0000000000e+00
      1616   -1.0457314781e+01    3.5041373479e-01    6.4979741386e+01    6.5000000000e+01    0.0000000000e+00   -1.0542784423e+01    1.0000000000e+00    1.0000000000e+00
      1617   -1.0437423547e+01    2.9790462915e-01    6.4968938960e+01    6.5000000000e+01    0.0000000000e+00   -1.0542506918e+01    9.9612576100e-01    1.0000000000e+00
      1618   -1.0449410172e+01    3.3552058437e-01    6.4967757959e+01    6.5000000000e+01    0.0000000000e+00   -1.0542283332e+01    9.9855953399e-01    9.8461538462e-01
      1619   -1.0461830122e+01    2.9731909349e-01    6.3973837845e+01    6.4000000000e+01    0.0000000000e+00   -1.0542215539e+01    9.9398352211e-01    9.8437500000e-01
      1620   -1.0452482889e+01    2.2632006229e-01    6.2978866123e+01    6.3000000000e+01    0.0000000000e+00   -1.0526756998e+01    9.9422796826e-01    1.0000000000e+00
      1621   -1.0454416758e+01    2.7273946732e-01    6.2981752434e+01    6.3000000000e+01    0.0000000000e+00   -1.0511034455e+01    1.0000000000e+00    1.0000000000e+00
      1622   -1.0481614250e+01    3.5337953350e-01    6.2986290257e+01    6.3000000000e+01    0.0000000000e+00   -1.0511034036e+01    9.9525310240e-01    1.0000000000e+00
      1623   -1.0462220323e+01    6.0802131348e-01    6.2987430579e+01    6.3000000000e+01    0.0000000000e+00   -1.0511077184e+01    1.0000000000e+00    1.0000000000e+00
      1624   -1.0553717651e+01    3.3942740083e-01    6.2998684386e+01    6.3000000000e+01    0.0000000000e+00   -1.0511054105e+01    9.9759946064e-01    1.0000000000e+00
      1625   -1.0569071387e+01    3.4053969158e-01    6.3015456300e+01    6.3000000000e+01    0.0000000000e+00   -1.0511249719e+01    9.9060888208e-01    1.0000000000e+00
      1626   -1.0511502839e+01    3.0399642985e-01    6.3008801160e+01    6.3000000000e+01    0.0000000000e+00   -1.0511542593e+01    9.9555355592e-01    1.0000000000e+00
      1627   -1.0497382203e+01    3.3278172871e-01    6.2997578552e+01    6.3000000000e+01    0.0000000000e+00   -1.0511427120e+01    1.0000000000e+00    1.0000000000e+00
      1628   -1.0489109226e+01    4.3851163747e-01    6.2994093589e+01    6.3000000000e+01    0.0000000000e+00   -1.0511230201e+01    9.9806247315e-01    9.8412698413e-01
      1629   -1.0540180388e+01    4.6021206581e-01    6.2002324305e+01    6.2000000000e+01    0.0000000000e+00   -1.0511150873e+01    9.9031538931e-01    1.0000000000e+00
      1630   -1.0626950881e+01    3.7034525111e-01    6.2026965235e+01    6.2000000000e+01    0.0000000000e+00   -1.0495290123e+01    9.9183195825e-01    1.0000000000e+00
      1631   -1.0652406186e+01    2.6827224126e-01    6.2044216934e+01    6.2000000000e+01    0.0000000000e+00   -1.0495750682e+01    9.9696780446e-01    9.8387096774e-01
      1632   -1.0682862917e+01    2.1511668619e-01    6.1054754680e+01    6.1000000000e+01    0.0000000000e+00   -1.0496108006e+01    1.0000000000e+00    1.0000000000e+00
      1633   -1.0621468711e+01    2.5375079152e-01    6.1052142605e+01    6.1000000000e+01    0.0000000000e+00   -1.0480130147e+01    1.0000000000e+00    1.0000000000e+00
      1634   -1.0622272885e+01    2.4456808068e-01    6.1042923444e+01    6.1000000000e+01    0.0000000000e+00   -1.0480146851e+01    9.9893738980e-01    1.0000000000e+00
      1635   -1.0614808269e+01    2.6450335725e-01    6.1041927745e+01    6.1000000000e+01    0.0000000000e+00   -1.0480055753e+01    1.0000000000e+00    1.0000000000e+00
      1636   -1.0594855234e+01    2.1095143028e-01    6.1037751937e+01    6.1000000000e+01    0.0000000000e+00   -1.0480094578e+01    9.9608805295e-01    1.0000000000e+00
      1637   -1.0553572730e+01    2.4439947550e-01    6.1028463455e+01    6.1000000000e+01    0.0000000000e+00   -1.0480068661e+01    9.9779589069e-01    1.0000000000e+00
      1638   -1.0560399370e+01    2.4336353843e-01    6.1023256049e+01    6.1000000000e+01    0.0000000000e+00   -1.0479932918e+01    1.0000000000e+00    1.0000000000e+00
      1639   -1.0609810615e+01    2.1306668328e-01    6.1031831286e+01    6.1000000000e+01    0.0000000000e+00   -1.0479868307e+01    1.0000000000e+00    1.0000000000e+00
      1640   -1.0569525828e+01    2.1098663188e-01    6.1033173224e+01    6.1000000000e+01    0.0000000000e+00   -1.0480060591e+01    9.9560364866e-01    1.0000000000e+00
      1641   -1.0578293022e+01    2.0381305839e-01    6.1028369967e+01    6.1000000000e+01    0.0000000000e+00   -1.0480108963e+01    1.0000000000e+00    1.0000000000e+00
      1642   -1.0538981793e+01    2.6163981089e-01    6.1023730797e+01    6.1000000000e+01    0.0000000000e+00   -1.0480062119e+01    1.0000000000e+00    1.0000000000e+00
      1643   -1.0532827596e+01    3.1591019205e-01    6.1016814877e+01    6.1000000000e+01    0.0000000000e+00   -1.0479993240e+01    9.9937545681e-01    1.0000000000e+00
      1644   -1.0591028174e+01    3.4668132994e-01    6.1024730450e+01    6.1000000000e+01    0.0000000000e+00   -1.0479883173e+01    9.9419746430e-01    1.0000000000e+00
      1645   -1.0553358007e+01    3.2167346116e-01    6.1027780985e+01    6.1000000000e+01    0.0000000000e+00   -1.0480052649e+01    9.9325022823e-01    1.0000000000e+00
      1646   -1.0486870536e+01    4.1730533152e-01    6.1011922448e+01    6.1000000000e+01    0.0000000000e+00   -1.0480118740e+01    9.8930829639e-01    1.0000000000e+00
      1647   -1.0492944603e+01    3.6918674434e-01    6.1002789694e+01    6.1000000000e+01    0.0000000000e+00   -1.0479833299e+01    9.9251706890e-01    1.0000000000e+00
      1648   -1.0567916708e+01    3.0903220906e-01    6.1015177073e+01    6.1000000000e+01    0.0000000000e+00   -1.0479661884e+01    9.9548658950e-01    1.0000000000e+00
      1649   -1.0553735066e+01    3.4597223869e-01    6.1024375037e+01    6.1000000000e+01    0.0000000000e+00   -1.0479890123e+01    9.9517835709e-01    1.0000000000e+00
      1650   -1.0601180298e+01    4.2571791721e-01    6.1029372196e+01    6.1000000000e+01    0.0000000000e+00   -1.0480057164e+01    9.9257554207e-01    1.0000000000e+00
      1651   -1.0594380759e+01    8.8648507230e-01    6.1035374860e+01    6.1000000000e+01    0.0000000000e+00   -1.0480184965e+01    1.0000000000e+00    1.0000000000e+00
      1652   -1.0520316409e+01    3.1103498525e-01    6.1022990076e+01    6.1000000000e+01    0.0000000000e+00   -1.0480324933e+01    9.9183201904e-01    1.0000000000e+00
      1653   -1.0569001996e+01    4.4554278674e-01    6.2024832512e+01    6.2000000000e+01    0.0000000000e+00   -1.0480117361e+01    1.0000000000e+00    1.0000000000e+00
      1654   -1.0624901699e+01    6.7318800658e-01    6.2030701484e+01    6.2000000000e+01    0.0000000000e+00   -1.0496427229e+01    9.8653628310e-01    1.0000000000e+00
      1655   -1.0804457403e+01    2.0821854805e+00    6.2065325873e+01    6.2000000000e+01    0.0000000000e+00   -1.0496582362e+01    9.9567641676e-01    1.0000000000e+00
      1656   -1.0701792763e+01    1.0564229213e+00    6.2076473729e+01    6.2000000000e+01    0.0000000000e+00   -1.0497312630e+01    1.0000000000e+00    1.0000000000e+00
      1657   -1.0689837136e+01    6.3021466407e-01    6.3062763000e+01    6.3000000000e+01    0.0000000000e+00   -1.0497600371e+01    1.0000000000e+00    1.0000000000e+00
      1658   -1.0602163066e+01    4.8202977279e-01    6.3041122086e+01    6.3000000000e+01    0.0000000000e+00   -1.0513464340e+01    1.0000000000e+00    1.0000000000e+00
      1659   -1.0607101725e+01    3.9458759188e-01    6.3028360195e+01    6.3000000000e+01    0.0000000000e+00   -1.0513167074e+01    9.9617123414e-01    1.0000000000e+00
      1660   -1.0540584330e+01    3.5615611387e-01    6.3018793141e+01    6.3000000000e+01    0.0000000000e+00   -1.0513013585e+01    9.9542612751e-01    1.0000000000e+00
      1661   -1.0547850538e+01    2.1314197707e-01    6.3009600470e+01    6.3000000000e+01    0.0000000000e+00   -1.0512869401e+01    1.0000000000e+00    1.0000000000e+00
      1662   -1.0648610909e+01    2.9576437303e-01    6.3026650819e+01    6.3000000000e+01    0.0000000000e+00   -1.0512735635e+01    9.9600485327e-01    1.0000000000e+00
      1663   -1.0641062919e+01    5.3641990160e-01    6.3041167059e+01    6.3000000000e+01    0.0000000000e+00   -1.0513080766e+01    9.8495335070e-01    1.0000000000e+00
      1664   -1.0616391087e+01    3.5154089371e-01    6.3035970911e+01    6.3000000000e+01    0.0000000000e+00   -1.0513380858e+01    1.0000000000e+00    1.0000000000e+00
      1665   -1.0641075564e+01    3.7883119689e-01    6.3035927908e+01    6.3000000000e+01    0.0000000000e+00   -1.0513352867e+01    9.9863525440e-01    1.0000000000e+00
      1666   -1.0507324921e+01    2.4230217295e-01    6.3018851884e+01    6.3000000000e+01    0.0000000000e+00   -1.0513421829e+01    1.0000000000e+00    1.0000000000e+00
      1667   -1.0488236522e+01    2.6466683410e-01    6.2995008982e+01    6.3000000000e+01    0.0000000000e+00   -1.0513137742e+01    9.9134405403e-01    1.0000000000e+00
      1668   -1.0557496813e+01    1.6399644829e-01    6.4004401179e+01    6.4000000000e+01    0.0000000000e+00   -1.0512734386e+01    9.9572508088e-01    1.0000000000e+00
      1669   -1.0534170293e+01    1.9733884432e-01    6.4005339715e+01    6.4000000000e+01    0.0000000000e+00   -1.0528648607e+01    1.0000000000e+00    1.0000000000e+00
      1670   -1.0581994103e+01    2.2942254831e-01    6.4009243306e+01    6.4000000000e+01    0.0000000000e+00   -1.0528666721e+01    9.9687518356e-01    1.0000000000e+00
      1671   -1.0552182448e+01    3.0952668453e-01    6.4012051103e+01    6.4000000000e+01    0.0000000000e+00   -1.0528760657e+01    1.0000000000e+00    1.0000000000e+00
      1672   -1.0535350255e+01    3.3311683968e-01    6.4004565333e+01    6.4000000000e+01    0.0000000000e+00   -1.0528819051e+01    9.9855892232e-01    1.0000000000e+00
      1673   -1.0524736215e+01    3.2325497985e-01    6.4000186831e+01    6.4000000000e+01    0.0000000000e+00   -1.0528706241e+01    1.0000000000e+00    1.0000000000e+00
      1674   -1.0492581069e+01    3.3872009066e-01    6.3993386398e+01    6.4000000000e+01    0.0000000000e+00   -1.0528635429e+01    9.9745665815e-01    1.0000000000e+00
      1675   -1.0548652490e+01    2.7452231775e-01    6.3997247166e+01    6.4000000000e+01    0.0000000000e+00   -1.0528506981e+01    1.0000000000e+00    1.0000000000e+00
      1676   -1.0469821640e+01    2.7228774602e-01    6.3993632562e+01    6.4000000000e+01    0.0000000000e+00   -1.0528579636e+01    1.0000000000e+00    1.0000000000e+00
      1677   -1.0522909711e+01    4.0508933623e-01    6.5992209251e+01    6.6000000000e+01    0.0000000000e+00   -1.0528487013e+01    9.9838941287e-01    1.0000000000e+00
      1678   -1.0549170692e+01    3.9233375378e-01    6.5992116208e+01    6.6000000000e+01    0.0000000000e+00   -1.0559236632e+01    1.0000000000e+00    1.0000000000e+00
      1679   -1.0561723326e+01    4.7132477457e-01    6.5998426397e+01    6.6000000000e+01    0.0000000000e+00   -1.0559247861e+01    1.0000000000e+00    1.0000000000e+00
      1680   -1.0507857076e+01    4.1985822129e-01    6.5991589626e+01    6.6000000000e+01    0.0000000000e+00   -1.0559363800e+01    9.9565885379e-01    1.0000000000e+00
      1681   -1.0508202873e+01    4.0364955729e-01    6.5982830068e+01    6.6000000000e+01    0.0000000000e+00   -1.0559247477e+01    9.9208722177e-01    1.0000000000e+00
      1682   -1.0571712000e+01    7.8617270201e-01    6.5993309987e+01    6.6000000000e+01    0.0000000000e+00   -1.0559102231e+01    1.0000000000e+00    1.0000000000e+00
      1683   -1.0535109028e+01    4.7938841091e-01    6.5997618337e+01    6.6000000000e+01    0.0000000000e+00   -1.0559287452e+01    9.9792589046e-01    1.0000000000e+00
      1684   -1.0518031245e+01    6.9841503200e-01    6.5988745887e+01    6.6000000000e+01    0.0000000000e+00   -1.0559356708e+01    9.8935177103e-01    1.0000000000e+00
      1685   -1.0484262185e+01    3.6909425818e-01    6.5980478741e+01    6.6000000000e+01    0.0000000000e+00   -1.0559215786e+01    9.9467284306e-01    1.0000000000e+00
      1686   -1.0421994529e+01    3.4053015372e-01    6.5964867261e+01    6.6000000000e+01    0.0000000000e+00   -1.0559063386e+01    9.9567501119e-01    1.0000000000e+00
      1687   -1.0383605350e+01    3.6146941012e-01    6.5948467629e+01    6.6000000000e+01    0.0000000000e+00   -1.0558761636e+01    1.0000000000e+00    1.0000000000e+00
      1688   -1.0400009648e+01    3.8745086327e-01    6.5944950316e+01    6.6000000000e+01    0.0000000000e+00   -1.0558424521e+01    9.9095521088e-01    1.0000000000e+00
      1689   -1.0453860032e+01    3.1666187476e-01    6.5956536665e+01    6.6000000000e+01    0.0000000000e+00   -1.0558292830e+01    9.9547580676e-01    1.0000000000e+00
      1690   -1.0468158637e+01    5.0628985840e-01    6.5967677722e+01    6.6000000000e+01    0.0000000000e+00   -1.0558423088e+01    9.9603499576e-01    1.0000000000e+00
      1691   -1.0512861688e+01    3.0721737111e-01    6.5977319055e+01    6.6000000000e+01    0.0000000000e+00   -1.0558555334e+01    1.0000000000e+00    1.0000000000e+00
      1692   -1.0487205406e+01    2.7872902674e-01    6.5980469435e+01    6.6000000000e+01    0.0000000000e+00   -1.0558692089e+01    1.0000000000e+00    1.0000000000e+00
      1693   -1.0452577090e+01    2.6813181206e-01    6.5970584353e+01    6.6000000000e+01    0.0000000000e+00   -1.0558714848e+01    9.8846275688e-01    9.8484848485e-01
      1694   -1.0455856513e+01    2.5130958011e-01    6.4968062734e+01    6.5000000000e+01    0.0000000000e+00   -1.0558518995e+01    9.9642001205e-01    1.0000000000e+00
      1695   -1.0452603135e+01    5.2319897816e-01    6.5972230393e+01    6.6000000000e+01    0.0000000000e+00   -1.0543161877e+01    9.9439122929e-01    1.0000000000e+00
      1696   -1.0484184258e+01    5.2431322153e-01    6.5970052800e+01    6.6000000000e+01    0.0000000000e+00   -1.0558454075e+01    9.9696585113e-01    1.0000000000e+00
      1697   -1.0511754373e+01    4.9675888481e-01    6.5979726976e+01    6.6000000000e+01    0.0000000000e+00   -1.0558394401e+01    9.8913759482e-01    1.0000000000e+00
      1698   -1.0540123272e+01    4.6506228078e-01    6.5988900589e+01    6.6000000000e+01    0.0000000000e+00   -1.0558531131e+01    9.9501552332e-01    1.0000000000e+00
      1699   -1.0577396487e+01    3.2774495700e-01    6.5999696992e+01    6.6000000000e+01    0.0000000000e+00   -1.0558677470e+01    9.8921935607e-01    1.0000000000e+00
      1700   -1.0628338197e+01    3.0100803278e-01    6.6014211819e+01    6.6000000000e+01    0.0000000000e+00   -1.0558870958e+01    9.9546881148e-01    1.0000000000e+00
      1701   -1.0626717690e+01    2.8160943890e-01    6.6022257803e+01    6.6000000000e+01    0.0000000000e+00   -1.0559151568e+01    1.0000000000e+00    1.0000000000e+00
      1702   -1.0625725982e+01    2.5191530043e-01    6.6021788140e+01    6.6000000000e+01    0.0000000000e+00   -1.0559333100e+01    1.0000000000e+00    1.0000000000e+00
      1703   -1.0532076378e+01    2.9244511325e-01    6.7006739178e+01    6.7000000000e+01    0.0000000000e+00   -1.0559384971e+01    9.9830879042e-01    1.0000000000e+00
      1704   -1.0502074341e+01    2.6049395958e-01    6.6980720085e+01    6.7000000000e+01    0.0000000000e+00   -1.0574195652e+01    9.9786978975e-01    1.0000000000e+00
      1705   -1.0531913256e+01    3.3829224837e-01    6.6980820412e+01    6.7000000000e+01    0.0000000000e+00   -1.0573791434e+01    9.9391353919e-01    1.0000000000e+00
      1706   -1.0482061078e+01    2.7625214084e-01    6.6977468129e+01    6.7000000000e+01    0.0000000000e+00   -1.0573795132e+01    1.0000000000e+00    9.8507462687e-01
      1707   -1.0479127541e+01    2.8751963280e-01    6.5970460983e+01    6.6000000000e+01    0.0000000000e+00   -1.0573717194e+01    9.8902026600e-01    1.0000000000e+00
      1708   -1.0489468556e+01    2.7511143351e-01    6.5975373293e+01    6.6000000000e+01    0.0000000000e+00   -1.0558538385e+01    1.0000000000e+00    1.0000000000e+00
      1709   -1.0459531494e+01    2.4701398737e-01    6.5972144672e+01    6.6000000000e+01    0.0000000000e+00   -1.0558589489e+01    9.9961149190e-01    1.0000000000e+00
      1710   -1.0453922919e+01    2.2295895392e-01    6.5966355449e+01    6.6000000000e+01    0.0000000000e+00   -1.0558499190e+01    9.9694149406e-01    1.0000000000e+00
      1711   -1.0495010997e+01    2.9398758858e-01    6.6973311964e+01    6.7000000000e+01    0.0000000000e+00   -1.0558366746e+01    9.9388750480e-01    1.0000000000e+00
      1712   -1.0504816054e+01    3.2912668648e-01    6.6975216758e+01    6.7000000000e+01    0.0000000000e+00   -1.0573496198e+01    9.9425611855e-01    1.0000000000e+00
      1713   -1.0428666045e+01    4.0617175805e-01    6.6964107610e+01    6.7000000000e+01    0.0000000000e+00   -1.0573510647e+01    9.9074694032e-01    1.0000000000e+00
      1714   -1.0499669876e+01    2.7647639523e-01    6.6963323255e+01    6.7000000000e+01    0.0000000000e+00   -1.0573285025e+01    1.0000000000e+00    1.0000000000e+00
      1715   -1.0559598781e+01    2.3718552258e-01    6.6985209570e+01    6.7000000000e+01    0.0000000000e+00   -1.0573256290e+01    9.8292578165e-01    1.0000000000e+00
      1716   -1.0544628834e+01    3.0324066096e-01    6.6992634162e+01    6.7000000000e+01    0.0000000000e+00   -1.0573602047e+01    1.0000000000e+00    1.0000000000e+00
      1717   -1.0547881881e+01    2.9505172642e-01    6.6990630328e+01    6.7000000000e+01    0.0000000000e+00   -1.0573722848e+01    9.9752454787e-01    1.0000000000e+00
      1718   -1.0483859378e+01    4.3712862397e-01    6.6980438912e+01    6.7000000000e+01    0.0000000000e+00   -1.0573704842e+01    9.9745956768e-01    1.0000000000e+00
      1719   -1.0571270104e+01    6.5898083784e-01    6.6984307687e+01    6.7000000000e+01    0.0000000000e+00   -1.0573526230e+01    9.9177080964e-01    1.0000000000e+00
      1720   -1.0570682171e+01    3.1754628126e-01    6.6998733306e+01    6.7000000000e+01    0.0000000000e+00   -1.0573609893e+01    9.9840408440e-01    1.0000000000e+00
      1721   -1.0566878296e+01    2.9079643220e-01    6.6998063861e+01    6.7000000000e+01    0.0000000000e+00   -1.0573850750e+01    9.8898548525e-01    9.8507462687e-01
      1722   -1.0528708078e+01    1.7584447359e-01    6.5992259989e+01    6.6000000000e+01    0.0000000000e+00   -1.0573863975e+01    1.0000000000e+00    1.0000000000e+00
      1723   -1.0532467393e+01    1.9183036229e-01    6.5990600357e+01    6.6000000000e+01    0.0000000000e+00   -1.0558738089e+01    9.9912746647e-01    1.0000000000e+00
      1724   -1.0529391839e+01    2.2869971803e-01    6.5990714807e+01    6.6000000000e+01    0.0000000000e+00   -1.0558715558e+01    9.9781871629e-01    1.0000000000e+00
      1725   -1.0573516769e+01    2.1562849410e-01    6.5997444589e+01    6.6000000000e+01    0.0000000000e+00   -1.0558718072e+01    9.9792466355e-01    1.0000000000e+00
      1726   -1.0529854413e+01    4.5411932854e-01    6.5997431175e+01    6.6000000000e+01    0.0000000000e+00   -1.0558847154e+01    9.9262649578e-01    1.0000000000e+00
      1727   -1.0499079884e+01    3.5490426278e-01    6.5985145294e+01    6.6000000000e+01    0.0000000000e+00   -1.0558847988e+01    9.9579467842e-01    1.0000000000e+00
      1728   -1.0475915823e+01    2.3340423601e-01    6.5976341737e+01    6.6000000000e+01    0.0000000000e+00   -1.0558644510e+01    9.9399442205e-01    1.0000000000e+00
      1729   -1.0578630415e+01    6.3191708385e-01    6.5989475979e+01    6.6000000000e+01    0.0000000000e+00   -1.0558480005e+01    9.9181806047e-01    1.0000000000e+00
      1730   -1.0490003282e+01    2.0273386364e-01    6.5991743247e+01    6.6000000000e+01    0.0000000000e+00   -1.0558709157e+01    9.9579170187e-01    1.0000000000e+00
      1731   -1.0428190255e+01    1.5395894271e-01    6.5967087832e+01    6.6000000000e+01    0.0000000000e+00   -1.0558720854e+01    9.9711135101e-01    9.8484848485e-01
      1732   -1.0417802085e+01    2.5320375910e-01    6.4956585271e+01    6.5000000000e+01    0.0000000000e+00   -1.0558287786e+01    9.9468595223e-01    1.0000000000e+00
      1733   -1.0398203639e+01    2.6697080372e-01    6.4956210139e+01    6.5000000000e+01    0.0000000000e+00   -1.0542785480e+01    1.0000000000e+00    1.0000000000e+00
      1734   -1.0439460320e+01    2.3763549135e-01    6.4959708581e+01    6.5000000000e+01    0.0000000000e+00   -1.0542702658e+01    1.0000000000e+00    1.0000000000e+00
      1735   -1.0435108564e+01    3.2952053432e-01    6.4965674701e+01    6.5000000000e+01    0.0000000000e+00   -1.0542704045e+01    1.0000000000e+00    1.0000000000e+00
      1736   -1.0478317499e+01    3.1392600043e-01    6.4971925549e+01    6.5000000000e+01    0.0000000000e+00   -1.0542740895e+01    9.9875702609e-01    1.0000000000e+00
      1737   -1.0554188925e+01    6.9997964424e-01    6.4991092916e+01    6.5000000000e+01    0.0000000000e+00   -1.0542807798e+01    9.9260523706e-01    1.0000000000e+00
      1738   -1.0564281337e+01    3.5878466984e-01    6.5004869036e+01    6.5000000000e+01    0.0000000000e+00   -1.0543118435e+01    9.9841067261e-01    1.0000000000e+00
      1739   -1.0604650237e+01    3.8452290694e-01    6.5012997310e+01    6.5000000000e+01    0.0000000000e+00   -1.0543352011e+01    9.9529715206e-01    1.0000000000e+00
      1740   -1.0592162655e+01    4.2002829729e-01    6.5017485969e+01    6.5000000000e+01    0.0000000000e+00   -1.0543522533e+01    9.8265529161e-01    1.0000000000e+00
      1741   -1.0497030536e+01    4.0073004836e-01    6.5000017752e+01    6.5000000000e+01    0.0000000000e+00   -1.0543629624e+01    9.9750410947e-01    1.0000000000e+00
      1742   -1.0484243645e+01    2.4645488992e-01    6.4982661764e+01    6.5000000000e+01    0.0000000000e+00   -1.0543342700e+01    9.9289473524e-01    9.8461538462e-01
      1743   -1.0516564895e+01    2.2496738216e-01    6.3986983208e+01    6.4000000000e+01    0.0000000000e+00   -1.0543049899e+01    1.0000000000e+00    1.0000000000e+00
      1744   -1.0474141079e+01    2.5186101566e-01    6.3989542399e+01    6.4000000000e+01    0.0000000000e+00   -1.0527602443e+01    1.0000000000e+00    1.0000000000e+00
      1745   -1.0546613052e+01    3.0455011957e-01    6.3994319584e+01    6.4000000000e+01    0.0000000000e+00   -1.0527610777e+01    1.0000000000e+00    1.0000000000e+00
      1746   -1.0501799387e+01    2.8763357347e-01    6.3998681590e+01    6.4000000000e+01    0.0000000000e+00   -1.0527696538e+01    9.9048991434e-01    1.0000000000e+00
      1747   -1.0495313033e+01    3.1445101912e-01    6.3990468155e+01    6.4000000000e+01    0.0000000000e+00   -1.0527749385e+01    9.9869007473e-01    1.0000000000e+00
      1748   -1.0418428681e+01    3.9017325440e-01    6.3977208725e+01    6.4000000000e+01    0.0000000000e+00   -1.0527601924e+01    9.9639400534e-01    1.0000000000e+00
      1749   -1.0393324295e+01    3.1122858822e-01    6.3961048333e+01    6.4000000000e+01    0.0000000000e+00   -1.0527330348e+01    9.9291111238e-01    1.0000000000e+00
      1750   -1.0432394199e+01    3.3650218784e-01    6.3963374055e+01    6.4000000000e+01    0.0000000000e+00   -1.0526998684e+01    9.9926332419e-01    1.0000000000e+00
      1751   -1.0440958497e+01    2.6810710380e-01    6.3970983907e+01    6.4000000000e+01    0.0000000000e+00   -1.0526979070e+01    1.0000000000e+00    1.0000000000e+00
      1752   -1.0448521695e+01    2.1464824303e-01    6.3973568892e+01    6.4000000000e+01    0.0000000000e+00   -1.0527047157e+01    1.0000000000e+00    9.8437500000e-01
      1753   -1.0433139029e+01    3.2120231022e-01    6.2974570588e+01    6.3000000000e+01    0.0000000000e+00   -1.0527041189e+01    9.9404585885e-01    1.0000000000e+00
      1754   -1.0460156159e+01    2.5584271218e-01    6.2979532309e+01    6.3000000000e+01    0.0000000000e+00   -1.0511246831e+01    1.0000000000e+00    1.0000000000e+00
      1755   -1.0480568238e+01    2.7055028123e-01    6.2986962635e+01    6.3000000000e+01    0.0000000000e+00   -1.0511286179e+01    1.0000000000e+00    1.0000000000e+00
      1756   -1.0506985843e+01    2.5263215651e-01    6.2994285187e+01    6.3000000000e+01    0.0000000000e+00   -1.0511376724e+01    9.9386216555e-01    1.0000000000e+00
      1757   -1.0567055262e+01    2.0495338354e-01    6.3007843982e+01    6.3000000000e+01    0.0000000000e+00   -1.0511481053e+01    9.9802606266e-01    1.0000000000e+00
      1758   -1.0589195731e+01    1.9210699779e-01    6.3020693614e+01    6.3000000000e+01    0.0000000000e+00   -1.0511719533e+01    9.9741240544e-01    1.0000000000e+00
      1759   -1.0606551777e+01    2.9393143999e-01    6.4028481137e+01    6.4000000000e+01    0.0000000000e+00   -1.0511959641e+01    1.0000000000e+00    1.0000000000e+00
      1760   -1.0638335539e+01    2.3072066834e-01    6.4029975628e+01    6.4000000000e+01    0.0000000000e+00   -1.0527870800e+01    9.9682267542e-01    1.0000000000e+00
      1761   -1.0624911297e+01    2.6848036366e-01    6.4032876984e+01    6.4000000000e+01    0.0000000000e+00   -1.0527958963e+01    9.9257278504e-01    1.0000000000e+00
      1762   -1.0582368808e+01    2.1527197364e-01    6.4023928886e+01    6.4000000000e+01    0.0000000000e+00   -1.0528061179e+01    1.0000000000e+00    1.0000000000e+00
      1763   -1.0557002482e+01    2.6095931040e-01    6.4013142471e+01    6.4000000000e+01    0.0000000000e+00   -1.0527953430e+01    9.9656771044e-01    1.0000000000e+00
      1764   -1.0494656373e+01    6.5379200920e-01    6.3999118548e+01    6.4000000000e+01    0.0000000000e+00   -1.0527802107e+01    1.0000000000e+00    1.0000000000e+00
      1765   -1.0640515341e+01    2.0496618978e-01    6.4012524148e+01    6.4000000000e+01    0.0000000000e+00   -1.0527563797e+01    9.9313485926e-01    1.0000000000e+00
      1766   -1.0612129792e+01    2.8052078222e-01    6.4031257085e+01    6.4000000000e+01    0.0000000000e+00   -1.0527839055e+01    9.9474917435e-01    1.0000000000e+00
      1767   -1.0713421038e+01    4.9799174269e-01    6.5044589580e+01    6.5000000000e+01    0.0000000000e+00   -1.0528180863e+01    1.0000000000e+00    1.0000000000e+00
      1768   -1.0606287376e+01    2.7019172003e-01    6.6038218583e+01    6.6000000000e+01    0.0000000000e+00   -1.0543990642e+01    1.0000000000e+00    1.0000000000e+00
      1769   -1.0493401449e+01    2.5703779154e-01    6.8998361381e+01    6.9000000000e+01    0.0000000000e+00   -1.0559196916e+01    9.9858441082e-01    1.0000000000e+00
      1770   -1.0500006856e+01    2.6962116672e-01    6.8963253810e+01    6.9000000000e+01    0.0000000000e+00   -1.0603026002e+01    1.0000000000e+00    1.0000000000e+00
      1771   -1.0567909587e+01    3.1527246087e-01    6.8976221270e+01    6.9000000000e+01    0.0000000000e+00   -1.0602500891e+01    9.9057625899e-01    1.0000000000e+00
      1772   -1.0614513829e+01    3.5697385382e-01    6.8995802953e+01    6.9000000000e+01    0.0000000000e+00   -1.0602712194e+01    9.9875664788e-01    1.0000000000e+00
      1773   -1.0618699851e+01    3.5681785760e-01    6.9004401570e+01    6.9000000000e+01    0.0000000000e+00   -1.0603046352e+01    1.0000000000e+00    1.0000000000e+00
      1774   -1.0568250050e+01    3.3764926633e-01    7.0000773933e+01    7.0000000000e+01    0.0000000000e+00   -1.0603223647e+01    9.9934338190e-01    1.0000000000e+00
      1775   -1.0598577696e+01    3.6944459281e-01    7.0988324218e+01    7.1000000000e+01    0.0000000000e+00   -1.0617583022e+01    1.0000000000e+00    1.0000000000e+00
      1776   -1.0521530526e+01    3.2795860399e-01    7.0974391579e+01    7.1000000000e+01    0.0000000000e+00   -1.0631633054e+01    9.9869942136e-01    1.0000000000e+00
      1777   -1.0532671925e+01    2.7114479950e-01    7.0962840721e+01    7.1000000000e+01    0.0000000000e+00   -1.0631433021e+01    9.9781601843e-01    1.0000000000e+00
      1778   -1.0530229174e+01    2.9138931045e-01    7.0964460696e+01    7.1000000000e+01    0.0000000000e+00   -1.0631272967e+01    9.9085215603e-01    1.0000000000e+00
      1779   -1.0445298029e+01    4.1385699323e-01    7.0948985233e+01    7.1000000000e+01    0.0000000000e+00   -1.0631297084e+01    9.9584456840e-01    1.0000000000e+00
      1780   -1.0516082389e+01    3.6734111232e-01    7.0946556110e+01    7.1000000000e+01    0.0000000000e+00   -1.0631031182e+01    9.9571861040e-01    1.0000000000e+00
      1781   -1.0503260951e+01    3.5067795221e-01    7.0956815001e+01    7.1000000000e+01    0.0000000000e+00   -1.0630990086e+01    9.9099034661e-01    1.0000000000e+00
      1782   -1.0503871097e+01    3.0766523984e-01    7.0954617303e+01    7.1000000000e+01    0.0000000000e+00   -1.0631120423e+01    9.9914152350e-01    1.0000000000e+00
      1783   -1.0522345168e+01    3.0146634048e-01    7.0958025077e+01    7.1000000000e+01    0.0000000000e+00   -1.0631075567e+01    9.9825546792e-01    1.0000000000e+00
      1784   -1.0524220051e+01    3.0452808278e-01    7.0961619099e+01    7.1000000000e+01    0.0000000000e+00   -1.0631120379e+01    9.8778786461e-01    1.0000000000e+00
      1785   -1.0593955210e+01    3.8947981336e-01    7.0974242862e+01    7.1000000000e+01    0.0000000000e+00   -1.0631168898e+01    9.9798577434e-01    1.0000000000e+00
      1786   -1.0611335818e+01    3.3869395087e-01    7.0989552337e+01    7.1000000000e+01    0.0000000000e+00   -1.0631384821e+01    9.9760068695e-01    9.8591549296e-01
      1787   -1.0506919834e+01    3.1001321602e-01    6.9975118211e+01    7.0000000000e+01    0.0000000000e+00   -1.0631648507e+01    9.9723462755e-01    1.0000000000e+00
      1788   -1.0458568350e+01    4.5193965211e-01    6.9952847517e+01    7.0000000000e+01    0.0000000000e+00   -1.0617243388e+01    1.0000000000e+00    1.0000000000e+00
      1789   -1.0462617284e+01    3.6783571357e-01    6.9945203233e+01    7.0000000000e+01    0.0000000000e+00   -1.0616885152e+01    9.9401053791e-01    1.0000000000e+00
      1790   -1.0515021352e+01    3.7430705283e-01    6.9955098218e+01    7.0000000000e+01    0.0000000000e+00   -1.0616738323e+01    9.9806153797e-01    1.0000000000e+00
      1791   -1.0504454899e+01    3.8120786123e-01    7.0964234575e+01    7.1000000000e+01    0.0000000000e+00   -1.0616872378e+01    9.9032387694e-01    1.0000000000e+00
      1792   -1.0428636752e+01    3.3439719609e-01    7.0941483224e+01    7.1000000000e+01    0.0000000000e+00   -1.0631181348e+01    9.9159908136e-01    1.0000000000e+00
      1793   -1.0444657689e+01    3.3083003557e-01    7.0931074724e+01    7.1000000000e+01    0.0000000000e+00   -1.0630803750e+01    9.9697104944e-01    1.0000000000e+00
      1794   -1.0456173073e+01    2.5852699474e-01    7.0936037108e+01    7.1000000000e+01    0.0000000000e+00   -1.0630609329e+01    9.9187560417e-01    1.0000000000e+00
      1795   -1.0411909228e+01    3.4318155213e-01    7.0930260906e+01    7.1000000000e+01    0.0000000000e+00   -1.0630638249e+01    1.0000000000e+00    1.0000000000e+00
      1796   -1.0416200207e+01    3.5151023851e-01    7.0923234442e+01    7.1000000000e+01    0.0000000000e+00   -1.0630490475e+01    9.9852590009e-01    1.0000000000e+00
      1797   -1.0446492818e+01    4.9001278767e-01    7.0929331695e+01    7.1000000000e+01    0.0000000000e+00   -1.0630327599e+01    9.9540520089e-01    1.0000000000e+00
      1798   -1.0494531719e+01    3.3938874694e-01    7.0943145074e+01    7.1000000000e+01    0.0000000000e+00   -1.0630367158e+01    1.0000000000e+00    1.0000000000e+00
      1799   -1.0485560630e+01    3.8584548769e-01    7.0949997267e+01    7.1000000000e+01    0.0000000000e+00   -1.0630543000e+01    9.9000707753e-01    1.0000000000e+00
      1800   -1.0531722933e+01    2.8521853963e-01    7.0956585201e+01    7.1000000000e+01    0.0000000000e+00   -1.0630615590e+01    9.9838700249e-01    1.0000000000e+00
      1801   -1.0504647994e+01    3.9818214779e-01    7.0959932398e+01    7.1000000000e+01    0.0000000000e+00   -1.0630710837e+01    9.8637456754e-01    1.0000000000e+00
      1802   -1.0524961803e+01    3.7963434160e-01    7.0958701242e+01    7.1000000000e+01    0.0000000000e+00   -1.0630744950e+01    9.9215142809e-01    1.0000000000e+00
      1803   -1.0495519762e+01    3.6630827314e-01    7.0957101869e+01    7.1000000000e+01    0.0000000000e+00   -1.0630726145e+01    9.8105986103e-01    1.0000000000e+00
      1804   -1.0498547907e+01    3.3059664941e-01    7.0952450915e+01    7.1000000000e+01    0.0000000000e+00   -1.0630685366e+01    1.0000000000e+00    1.0000000000e+00
      1805   -1.0514197434e+01    3.5736555164e-01    7.0955788980e+01    7.1000000000e+01    0.0000000000e+00   -1.0630603325e+01    1.0000000000e+00    1.0000000000e+00
      1806   -1.0447874232e+01    5.5489392574e-01    7.0946771504e+01    7.1000000000e+01    0.0000000000e+00   -1.0630642808e+01    9.8168025512e-01    1.0000000000e+00
      1807   -1.0476229335e+01    7.4424147653e-01    7.0940012947e+01    7.1000000000e+01    0.0000000000e+00   -1.0630470413e+01    9.9256171141e-01    1.0000000000e+00
      1808   -1.0570326820e+01    3.0826464092e-01    7.0961633795e+01    7.1000000000e+01    0.0000000000e+00   -1.0630346025e+01    9.9616421437e-01    1.0000000000e+00
      1809   -1.0539385724e+01    3.3966870277e-01    7.0972883841e+01    7.1000000000e+01    0.0000000000e+00   -1.0630675163e+01    9.9273938300e-01    1.0000000000e+00
      1810   -1.0543498152e+01    3.2146324464e-01    7.1968730689e+01    7.2000000000e+01    0.0000000000e+00   -1.0630840486e+01    9.9834752785e-01    1.0000000000e+00
      1811   -1.0527561473e+01    4.0603322791e-01    7.1960530247e+01    7.2000000000e+01    0.0000000000e+00   -1.0644783456e+01    9.9213934323e-01    1.0000000000e+00
      1812   -1.0491504799e+01    4.6300665388e-01    7.1951224509e+01    7.2000000000e+01    0.0000000000e+00   -1.0644669577e+01    1.0000000000e+00    1.0000000000e+00
      1813   -1.0543319148e+01    3.3023119640e-01    7.1954061507e+01    7.2000000000e+01    0.0000000000e+00   -1.0644519871e+01    1.0000000000e+00    1.0000000000e+00
      1814   -1.0514652513e+01    3.3595272076e-01    7.1958257392e+01    7.2000000000e+01    0.0000000000e+00   -1.0644568316e+01    9.9085306057e-01    1.0000000000e+00
      1815   -1.0502225476e+01    3.1930691989e-01    7.1950890622e+01    7.2000000000e+01    0.0000000000e+00   -1.0644619392e+01    9.9299088738e-01    1.0000000000e+00
      1816   -1.0566039274e+01    6.6894914586e-01    7.2961302028e+01    7.3000000000e+01    0.0000000000e+00   -1.0644502747e+01    1.0000000000e+00    1.0000000000e+00
      1817   -1.0547673673e+01    3.0530885575e-01    7.2962672895e+01    7.3000000000e+01    0.0000000000e+00   -1.0658469992e+01    9.9769212120e-01    9.8630136986e-01
      1818   -1.0576689578e+01    5.1544998878e-01    7.2970140904e+01    7.3000000000e+01    0.0000000000e+00   -1.0658500235e+01    9.9305535762e-01    1.0000000000e+00
      1819   -1.0509116298e+01    4.2281146338e-01    7.2957552647e+01    7.3000000000e+01    0.0000000000e+00   -1.0658630426e+01    9.9723075561e-01    1.0000000000e+00
      1820   -1.0473817207e+01    3.8471335359e-01    7.2938960324e+01    7.3000000000e+01    0.0000000000e+00   -1.0658447533e+01    9.9580378961e-01    1.0000000000e+00
      1821   -1.0457428561e+01    4.2731697198e-01    7.2929677527e+01    7.3000000000e+01    0.0000000000e+00   -1.0658162378e+01    1.0000000000e+00    1.0000000000e+00
      1822   -1.0527633937e+01    2.7995598502e-01    7.2939525555e+01    7.3000000000e+01    0.0000000000e+00   -1.0657995602e+01    9.9246917266e-01    1.0000000000e+00
      1823   -1.0518131622e+01    4.2165503737e-01    7.2950542285e+01    7.3000000000e+01    0.0000000000e+00   -1.0658130769e+01    1.0000000000e+00    1.0000000000e+00
      1824   -1.0518352043e+01    2.8002328055e-01    7.3950180612e+01    7.4000000000e+01    0.0000000000e+00   -1.0658276582e+01    9.9040996138e-01    1.0000000000e+00
      1825   -1.0541193256e+01    2.8499404248e-01    7.3947362109e+01    7.4000000000e+01    0.0000000000e+00   -1.0671881419e+01    1.0000000000e+00    1.0000000000e+00
      1826   -1.0739964296e+01    4.0696003074e+00    7.3943390230e+01    7.4000000000e+01    0.0000000000e+00   -1.0671851087e+01    9.9881978569e-01    1.0000000000e+00
      1827   -1.0536297459e+01    2.4341875988e-01    7.3944305879e+01    7.4000000000e+01    0.0000000000e+00   -1.0671917004e+01    9.9876270366e-01    1.0000000000e+00
      1828   -1.0545274118e+01    2.9347648808e-01    7.4952642611e+01    7.5000000000e+01    0.0000000000e+00   -1.0671934335e+01    9.9326202420e-01    1.0000000000e+00
      1829   -1.0523583152e+01    3.2529130760e-01    7.4943321114e+01    7.5000000000e+01    0.0000000000e+00   -1.0685488619e+01    1.0000000000e+00    1.0000000000e+00
      1830   -1.0555926857e+01    2.7849923815e-01    7.4945352362e+01    7.5000000000e+01    0.0000000000e+00   -1.0685362037e+01    9.9775391229e-01    1.0000000000e+00
      1831   -1.0518032883e+01    4.0645298851e-01    7.4944289242e+01    7.5000000000e+01    0.0000000000e+00   -1.0685405094e+01    9.9916881865e-01    1.0000000000e+00
      1832   -1.0545276536e+01    3.0434412736e-01    7.4942295566e+01    7.5000000000e+01    0.0000000000e+00   -1.0685385580e+01    9.9049073313e-01    1.0000000000e+00
      1833   -1.0480883729e+01    3.2937658126e-01    7.4935370754e+01    7.5000000000e+01    0.0000000000e+00   -1.0685368934e+01    1.0000000000e+00    1.0000000000e+00
      1834   -1.0527050937e+01    3.4191072343e-01    7.4932021476e+01    7.5000000000e+01    0.0000000000e+00   -1.0685250379e+01    9.9573053087e-01    1.0000000000e+00
      1835   -1.0572931492e+01    4.1302399840e-01    7.4949193991e+01    7.5000000000e+01    0.0000000000e+00   -1.0685205426e+01    9.9341338381e-01    1.0000000000e+00
      1836   -1.0601955343e+01    3.0169824296e-01    7.4963071878e+01    7.5000000000e+01    0.0000000000e+00   -1.0685460008e+01    9.9194799182e-01    1.0000000000e+00
      1837   -1.0508797769e+01    4.6295791369e-01    7.4951025703e+01    7.5000000000e+01    0.0000000000e+00   -1.0685686802e+01    1.0000000000e+00    1.0000000000e+00
      1838   -1.0457992120e+01    9.5386760367e-01    7.4924036855e+01    7.5000000000e+01    0.0000000000e+00   -1.0685515593e+01    9.9183337052e-01    9.8666666667e-01
      1839   -1.0639484276e+01    3.8722639498e-01    7.3949673003e+01    7.4000000000e+01    0.0000000000e+00   -1.0685116553e+01    9.9236325432e-01    1.0000000000e+00
      1840   -1.0557995251e+01    5.7418892330e-01    7.3972546428e+01    7.4000000000e+01    0.0000000000e+00   -1.0672089109e+01    9.9144760863e-01    1.0000000000e+00
      1841   -1.0532570795e+01    6.2951375961e-01    7.3952682176e+01    7.4000000000e+01    0.0000000000e+00   -1.0672415350e+01    9.9538278716e-01    1.0000000000e+00
      1842   -1.0597713224e+01    6.2030214294e-01    7.3960042852e+01    7.4000000000e+01    0.0000000000e+00   -1.0672149550e+01    9.9263773444e-01    1.0000000000e+00
      1843   -1.0521187125e+01    5.6036438298e-01    7.3957876163e+01    7.4000000000e+01    0.0000000000e+00   -1.0672288177e+01    9.9470071610e-01    1.0000000000e+00
      1844   -1.0464659237e+01    6.1722730522e-01    7.3933401243e+01    7.4000000000e+01    0.0000000000e+00   -1.0672255281e+01    9.9696109184e-01    1.0000000000e+00
      1845   -1.0576473315e+01    3.4517483561e-01    7.3943772957e+01    7.4000000000e+01    0.0000000000e+00   -1.0671889207e+01    9.9168434645e-01    1.0000000000e+00
      1846   -1.0569097451e+01    4.0213742431e-01    7.3963090275e+01    7.4000000000e+01    0.0000000000e+00   -1.0672056690e+01    9.9388144538e-01    1.0000000000e+00
      1847   -1.0553962072e+01    4.0780858318e-01    7.3958836169e+01    7.4000000000e+01    0.0000000000e+00   -1.0672340972e+01    9.9762926157e-01    9.8648648649e-01
      1848   -1.0557861269e+01    4.0385874712e-01    7.2958555925e+01    7.3000000000e+01    0.0000000000e+00   -1.0672298084e+01    1.0000000000e+00    1.0000000000e+00
      1849   -1.0548186484e+01    3.5244572293e-01    7.2961244755e+01    7.3000000000e+01    0.0000000000e+00   -1.0658697747e+01    9.9822757641e-01    1.0000000000e+00
      1850   -1.0522244342e+01    2.9423940665e-01    7.2954794413e+01    7.3000000000e+01    0.0000000000e+00   -1.0658745988e+01    9.9623509856e-01    1.0000000000e+00
      1851   -1.0516076713e+01    2.6570257528e-01    7.3950585849e+01    7.4000000000e+01    0.0000000000e+00   -1.0658654547e+01    1.0000000000e+00    1.0000000000e+00
      1852   -1.0558231905e+01    3.1596331297e-01    7.3949990658e+01    7.4000000000e+01    0.0000000000e+00   -1.0672205215e+01    9.9768138666e-01    1.0000000000e+00
      1853   -1.0527647751e+01    3.0635007085e-01    7.3952096270e+01    7.4000000000e+01    0.0000000000e+00   -1.0672214105e+01    9.9643543068e-01    1.0000000000e+00
      1854   -1.0527626086e+01    3.2526326920e-01    7.3946441485e+01    7.4000000000e+01    0.0000000000e+00   -1.0672242544e+01    1.0000000000e+00    1.0000000000e+00
      1855   -1.0476710843e+01    3.4682212889e-01    7.3937076340e+01    7.4000000000e+01    0.0000000000e+00   -1.0672166031e+01    1.0000000000e+00    9.8648648649e-01
      1856   -1.0494421179e+01    3.5902967711e-01    7.2933724048e+01    7.3000000000e+01    0.0000000000e+00   -1.0672011137e+01    9.8779587624e-01    1.0000000000e+00
      1857   -1.0521870991e+01    3.6843759900e-01    7.2945107549e+01    7.3000000000e+01    0.0000000000e+00   -1.0658329459e+01    9.9367532994e-01    1.0000000000e+00
      1858   -1.0479177893e+01    3.3868673895e-01    7.2942279307e+01    7.3000000000e+01    0.0000000000e+00   -1.0658482324e+01    9.9176928466e-01    1.0000000000e+00
      1859   -1.0472286584e+01    3.5837155833e-01    7.3933616303e+01    7.4000000000e+01    0.0000000000e+00   -1.0658416752e+01    9.9789322630e-01    1.0000000000e+00
      1860   -1.0496206018e+01    2.5441778095e-01    7.3930602490e+01    7.4000000000e+01    0.0000000000e+00   -1.0671885354e+01    9.9589212705e-01    1.0000000000e+00
      1861   -1.0504070334e+01    3.0969920119e-01    7.4936510646e+01    7.5000000000e+01    0.0000000000e+00   -1.0671827254e+01    1.0000000000e+00    1.0000000000e+00
      1862   -1.0506140389e+01    3.8151390937e-01    7.4932421115e+01    7.5000000000e+01    0.0000000000e+00   -1.0685328659e+01    9.9639585235e-01    1.0000000000e+00
      1863   -1.0478698185e+01    2.7720305535e-01    7.4927686518e+01    7.5000000000e+01    0.0000000000e+00   -1.0685262264e+01    9.8989431434e-01    1.0000000000e+00
      1864   -1.0495135728e+01    2.6407198667e-01    7.4925705766e+01    7.5000000000e+01    0.0000000000e+00   -1.0685172142e+01    9.9774825594e-01    1.0000000000e+00
      1865   -1.0537187934e+01    2.8351257702e-01    7.4936655960e+01    7.5000000000e+01    0.0000000000e+00   -1.0685127857e+01    1.0000000000e+00    1.0000000000e+00
      1866   -1.0526918331e+01    2.6862902335e-01    7.4942534159e+01    7.5000000000e+01    0.0000000000e+00   -1.0685279321e+01    1.0000000000e+00    1.0000000000e+00
      1867   -1.0522949438e+01    2.0064052674e-01    7.4939867691e+01    7.5000000000e+01    0.0000000000e+00   -1.0685357429e+01    1.0000000000e+00    1.0000000000e+00
      1868   -1.0420353588e+01    2.9131308179e-01    7.4920005526e+01    7.5000000000e+01    0.0000000000e+00   -1.0685319335e+01    1.0000000000e+00    1.0000000000e+00
      1869   -1.0465514867e+01    2.6943650791e-01    7.4909383983e+01    7.5000000000e+01    0.0000000000e+00   -1.0684995345e+01    1.0000000000e+00    1.0000000000e+00
      1870   -1.0443947091e+01    3.6119650173e-01    7.4913820457e+01    7.5000000000e+01    0.0000000000e+00   -1.0684819529e+01    9.9694131772e-01    1.0000000000e+00
      1871   -1.0395733372e+01    3.3637066474e-01    7.4900757511e+01    7.5000000000e+01    0.0000000000e+00   -1.0684832911e+01    9.9537535738e-01    1.0000000000e+00
      1872   -1.0430164186e+01    2.9140401004e-01    7.4898279517e+01    7.5000000000e+01    0.0000000000e+00   -1.0684586270e+01    9.9239092322e-01    1.0000000000e+00
      1873   -1.0417473384e+01    3.3149224278e-01    7.4902381580e+01    7.5000000000e+01    0.0000000000e+00   -1.0684499899e+01    1.0000000000e+00    1.0000000000e+00
      1874   -1.0466780713e+01    3.6573862070e-01    7.4909204489e+01    7.5000000000e+01    0.0000000000e+00   -1.0684494481e+01    1.0000000000e+00    1.0000000000e+00
      1875   -1.0475591039e+01    3.3544395603e-01    7.4920005504e+01    7.5000000000e+01    0.0000000000e+00   -1.0684552465e+01    9.9680983084e-01    9.8666666667e-01
      1876   -1.0476617625e+01    3.2142099928e-01    7.3923943021e+01    7.4000000000e+01    0.0000000000e+00   -1.0684668402e+01    1.0000000000e+00    1.0000000000e+00
      1877   -1.0549339237e+01    3.8989849584e-01    7.4943133658e+01    7.5000000000e+01    0.0000000000e+00   -1.0671256571e+01    9.9470264842e-01    1.0000000000e+00
      1878   -1.0475157218e+01    5.3102550625e-01    7.4935147816e+01    7.5000000000e+01    0.0000000000e+00   -1.0684961575e+01    9.9455398065e-01    1.0000000000e+00
      1879   -1.0431214415e+01    4.6085906171e-01    7.4913191572e+01    7.5000000000e+01    0.0000000000e+00   -1.0684826603e+01    1.0000000000e+00    1.0000000000e+00
      1880   -1.0483636431e+01    3.4838426903e-01    7.4914811797e+01    7.5000000000e+01    0.0000000000e+00   -1.0684481168e+01    1.0000000000e+00    1.0000000000e+00
      1881   -1.0492222304e+01    2.8992383504e-01    7.4926285046e+01    7.5000000000e+01    0.0000000000e+00   -1.0684479094e+01    9.9022506786e-01    1.0000000000e+00
      1882   -1.0521719133e+01    4.2613263493e-01    7.4933366607e+01    7.5000000000e+01    0.0000000000e+00   -1.0684613244e+01    9.9788803532e-01    1.0000000000e+00
      1883   -1.0544599236e+01    2.8569360152e-01    7.4943128835e+01    7.5000000000e+01    0.0000000000e+00   -1.0684704876e+01    9.9604089119e-01    1.0000000000e+00
      1884   -1.0538045324e+01    3.4110500063e-01    7.4946100255e+01    7.5000000000e+01    0.0000000000e+00   -1.0684844749e+01    1.0000000000e+00    9.8666666667e-01
      1885   -1.0672964373e+01    2.9886723806e+00    7.3941338396e+01    7.4000000000e+01    0.0000000000e+00   -1.0684890417e+01    9.9853154315e-01    1.0000000000e+00
      1886   -1.0507621925e+01    3.1441497577e-01    7.3944302243e+01    7.4000000000e+01    0.0000000000e+00   -1.0671472779e+01    9.9156613613e-01    1.0000000000e+00
      1887   -1.0518993208e+01    3.0551327150e-01    7.3941472634e+01    7.4000000000e+01    0.0000000000e+00   -1.0671502268e+01    9.9732854943e-01    1.0000000000e+00
      1888   -1.0518912813e+01    3.9234995969e-01    7.4944948245e+01    7.5000000000e+01    0.0000000000e+00   -1.0671459604e+01    9.9481597944e-01    1.0000000000e+00
      1889   -1.0535624511e+01    3.6402173204e-01    7.4940791145e+01    7.5000000000e+01    0.0000000000e+00   -1.0684935120e+01    9.9735747636e-01    1.0000000000e+00
      1890   -1.0576026188e+01    3.8189703771e-01    7.5956777731e+01    7.6000000000e+01    0.0000000000e+00   -1.0684884302e+01    1.0000000000e+00    1.0000000000e+00
      1891   -1.0563496569e+01    3.8454594887e-01    7.5950978051e+01    7.6000000000e+01    0.0000000000e+00   -1.0698377008e+01    9.9596334143e-01    1.0000000000e+00
      1892   -1.0534738128e+01    3.8142221270e-01    7.5943193552e+01    7.6000000000e+01    0.0000000000e+00   -1.0698320412e+01    9.9468528239e-01    1.0000000000e+00
      1893   -1.0504540623e+01    2.7195493037e-01    7.5932097605e+01    7.6000000000e+01    0.0000000000e+00   -1.0698222049e+01    9.9805812387e-01    1.0000000000e+00
      1894   -1.0536077191e+01    2.9749551310e-01    7.5932469001e+01    7.6000000000e+01    0.0000000000e+00   -1.0698063685e+01    1.0000000000e+00    1.0000000000e+00
      1895   -1.0551917886e+01    2.8548470160e-01    7.5941440745e+01    7.6000000000e+01    0.0000000000e+00   -1.0698073438e+01    9.8992598183e-01    1.0000000000e+00
      1896   -1.0557804656e+01    2.8172904048e-01    7.5945506988e+01    7.6000000000e+01    0.0000000000e+00   -1.0698205023e+01    1.0000000000e+00    1.0000000000e+00
      1897   -1.0554935682e+01    2.0813250312e-01    7.5946062772e+01    7.6000000000e+01    0.0000000000e+00   -1.0698275176e+01    1.0000000000e+00    1.0000000000e+00
      1898   -1.0552498505e+01    2.3902922284e-01    7.5945080674e+01    7.6000000000e+01    0.0000000000e+00   -1.0698297534e+01    9.9075628158e-01    1.0000000000e+00
      1899   -1.0535327491e+01    3.1403876076e-01    7.5941344748e+01    7.6000000000e+01    0.0000000000e+00   -1.0698298308e+01    9.9765762932e-01    9.8684210526e-01
      1900   -1.0580935142e+01    2.6584456368e-01    7.4948762884e+01    7.5000000000e+01    0.0000000000e+00   -1.0698253523e+01    9.9090264653e-01    9.8666666667e-01
      1901   -1.0484665064e+01    8.5348416165e-01    7.3944706244e+01    7.4000000000e+01    0.0000000000e+00   -1.0685126023e+01    9.9546599426e-01    1.0000000000e+00
      1902   -1.0558468057e+01    2.1208455435e-01    7.3944299428e+01    7.4000000000e+01    0.0000000000e+00   -1.0671615936e+01    9.8980886434e-01    1.0000000000e+00
      1903   -1.0589545384e+01    2.0275693849e-01    7.3963875189e+01    7.4000000000e+01    0.0000000000e+00   -1.0671627319e+01    1.0000000000e+00    1.0000000000e+00
      1904   -1.0539606413e+01    2.6365166614e-01    7.3960244960e+01    7.4000000000e+01    0.0000000000e+00   -1.0671925649e+01    9.9042531418e-01    1.0000000000e+00
      1905   -1.0575164686e+01    2.7922265540e-01    7.3957590130e+01    7.4000000000e+01    0.0000000000e+00   -1.0671883237e+01    9.9789767567e-01    1.0000000000e+00
      1906   -1.0536080403e+01    3.0520787761e-01    7.3956918731e+01    7.4000000000e+01    0.0000000000e+00   -1.0671873163e+01    9.9581344415e-01    1.0000000000e+00
      1907   -1.0530442687e+01    4.9561033602e-01    7.3948620366e+01    7.4000000000e+01    0.0000000000e+00   -1.0671868833e+01    9.9832130833e-01    1.0000000000e+00
      1908   -1.0536932202e+01    3.5955480639e-01    7.3948766810e+01    7.4000000000e+01    0.0000000000e+00   -1.0671758329e+01    9.9070760561e-01    1.0000000000e+00
      1909   -1.0511897540e+01    3.3282330989e-01    7.3945379220e+01    7.4000000000e+01    0.0000000000e+00   -1.0671765506e+01    1.0000000000e+00    1.0000000000e+00
      1910   -1.0453868504e+01    3.5349450283e-01    7.4931238415e+01    7.5000000000e+01    0.0000000000e+00   -1.0671711427e+01    9.9617031763e-01    1.0000000000e+00
      1911   -1.0486476030e+01    3.0207585428e-01    7.4919507233e+01    7.5000000000e+01    0.0000000000e+00   -1.0684916156e+01    9.9259545678e-01    1.0000000000e+00
      1912   -1.0544315730e+01    3.1585510610e-01    7.4936477653e+01    7.5000000000e+01    0.0000000000e+00   -1.0684737699e+01    9.9674731406e-01    1.0000000000e+00
      1913   -1.0491084060e+01    3.2803966707e-01    7.4937255021e+01    7.5000000000e+01    0.0000000000e+00   -1.0684973372e+01    9.9797019598e-01    1.0000000000e+00
      1914   -1.0523592616e+01    2.6078700117e-01    7.4933398406e+01    7.5000000000e+01    0.0000000000e+00   -1.0684964362e+01    1.0000000000e+00    1.0000000000e+00
      1915   -1.0571665767e+01    2.6341016985e-01    7.4948478438e+01    7.5000000000e+01    0.0000000000e+00   -1.0684910964e+01    9.9500120153e-01    9.8666666667e-01
      1916   -1.0624381177e+01    2.6165055988e-01    7.3967932122e+01    7.4000000000e+01    0.0000000000e+00   -1.0685136022e+01    9.9211021413e-01    9.8648648649e-01
      1917   -1.0600596943e+01    2.3713594751e-01    7.2980030402e+01    7.3000000000e+01    0.0000000000e+00   -1.0672018790e+01    9.9820804288e-01    1.0000000000e+00
      1918   -1.0631430439e+01    2.1931209265e-01    7.3987671644e+01    7.4000000000e+01    0.0000000000e+00   -1.0658612242e+01    9.9859528031e-01    1.0000000000e+00
      1919   -1.0651528270e+01    2.3339357385e-01    7.3988421099e+01    7.4000000000e+01    0.0000000000e+00   -1.0672380584e+01    9.9634929960e-01    1.0000000000e+00
      1920   -1.0609551181e+01    2.2569789990e-01    7.3984354440e+01    7.4000000000e+01    0.0000000000e+00   -1.0672457111e+01    9.9712996745e-01    1.0000000000e+00
      1921   -1.0569138779e+01    2.4722344459e-01    7.3969171871e+01    7.4000000000e+01    0.0000000000e+00   -1.0672446037e+01    1.0000000000e+00    1.0000000000e+00
      1922   -1.0565143962e+01    2.9925261059e-01    7.3961041674e+01    7.4000000000e+01    0.0000000000e+00   -1.0672263058e+01    9.9756030989e-01    1.0000000000e+00
      1923   -1.0626314560e+01    3.5015771476e-01    7.4972859770e+01    7.5000000000e+01    0.0000000000e+00   -1.0672173238e+01    1.0000000000e+00    1.0000000000e+00
      1924   -1.0586765954e+01    3.9331793885e-01    7.4970084599e+01    7.5000000000e+01    0.0000000000e+00   -1.0685813646e+01    9.9340856773e-01    1.0000000000e+00
      1925   -1.0541305492e+01    3.3226564434e-01    7.4954192929e+01    7.5000000000e+01    0.0000000000e+00   -1.0685808200e+01    1.0000000000e+00    1.0000000000e+00
      1926   -1.0551168514e+01    3.2479825801e-01    7.4947641735e+01    7.5000000000e+01    0.0000000000e+00   -1.0685603509e+01    1.0000000000e+00    1.0000000000e+00
      1927   -1.0510046388e+01    3.2501738943e-01    7.4941845787e+01    7.5000000000e+01    0.0000000000e+00   -1.0685528654e+01    1.0000000000e+00    1.0000000000e+00
      1928   -1.0504681344e+01    4.3494336920e-01    7.4933180618e+01    7.5000000000e+01    0.0000000000e+00   -1.0685441959e+01    9.9571557447e-01    9.8666666667e-01
      1929   -1.0499837603e+01    3.3053360233e-01    7.3932718520e+01    7.4000000000e+01    0.0000000000e+00   -1.0685314123e+01    1.0000000000e+00    1.0000000000e+00
      1930   -1.0502904687e+01    2.7654910857e-01    7.3936875415e+01    7.4000000000e+01    0.0000000000e+00   -1.0671858035e+01    9.9827609440e-01    1.0000000000e+00
      1931   -1.0462992375e+01    2.5928697893e-01    7.3930137941e+01    7.4000000000e+01    0.0000000000e+00   -1.0671901137e+01    9.9822384055e-01    9.8648648649e-01
      1932   -1.0505958834e+01    2.3448774209e-01    7.2935864708e+01    7.3000000000e+01    0.0000000000e+00   -1.0671775694e+01    9.9826882718e-01    1.0000000000e+00
      1933   -1.0554544565e+01    3.3362355996e-01    7.2953250355e+01    7.3000000000e+01    0.0000000000e+00   -1.0658224158e+01    1.0000000000e+00    1.0000000000e+00
      1934   -1.0504468545e+01    3.1611992781e-01    7.2952856932e+01    7.3000000000e+01    0.0000000000e+00   -1.0658476839e+01    9.9322393953e-01    1.0000000000e+00
      1935   -1.0454212950e+01    4.0356925929e-01    7.2934592673e+01    7.3000000000e+01    0.0000000000e+00   -1.0658459206e+01    9.8818375305e-01    1.0000000000e+00
      1936   -1.0507386540e+01    3.3629730946e-01    7.2935215101e+01    7.3000000000e+01    0.0000000000e+00   -1.0658169944e+01    9.9045660855e-01    1.0000000000e+00
      1937   -1.0503872763e+01    3.3239531856e-01    7.2944261697e+01    7.3000000000e+01    0.0000000000e+00   -1.0658167824e+01    9.9769943404e-01    9.8630136986e-01
      1938   -1.0434931691e+01    2.9480994262e-01    7.1933555090e+01    7.2000000000e+01    0.0000000000e+00   -1.0658279349e+01    1.0000000000e+00    1.0000000000e+00
      1939   -1.0553124307e+01    2.7187395214e-01    7.1945892236e+01    7.2000000000e+01    0.0000000000e+00   -1.0644277599e+01    9.9687160845e-01    1.0000000000e+00
      1940   -1.0526184451e+01    4.2388462161e-01    7.2963167654e+01    7.3000000000e+01    0.0000000000e+00   -1.0644462693e+01    9.9278697888e-01    1.0000000000e+00
      1941   -1.0453347507e+01    2.8592521403e-01    7.2938391987e+01    7.3000000000e+01    0.0000000000e+00   -1.0658502455e+01    9.9778954352e-01    1.0000000000e+00
      1942   -1.0446996797e+01    2.4344655844e-01    7.2924195018e+01    7.3000000000e+01    0.0000000000e+00   -1.0658123677e+01    1.0000000000e+00    1.0000000000e+00
      1943   -1.0436180129e+01    2.8467303176e-01    7.2921159331e+01    7.3000000000e+01    0.0000000000e+00   -1.0657886545e+01    1.0000000000e+00    1.0000000000e+00
      1944   -1.0376362474e+01    4.2044158954e-01    7.2908316882e+01    7.3000000000e+01    0.0000000000e+00   -1.0657796781e+01    9.9014673130e-01    9.8630136986e-01
      1945   -1.0471369410e+01    4.0447345217e-01    7.2920291685e+01    7.3000000000e+01    0.0000000000e+00   -1.0657541000e+01    9.8539339670e-01    9.7260273973e-01
      1946   -1.0578666755e+01    3.2223578288e-01    7.0956422476e+01    7.1000000000e+01    0.0000000000e+00   -1.0657675773e+01    1.0000000000e+00    9.8591549296e-01
      1947   -1.0557772692e+01    2.7601852177e-01    7.0986119956e+01    7.1000000000e+01    0.0000000000e+00   -1.0630401879e+01    9.8171891667e-01    1.0000000000e+00
      1948   -1.0541136477e+01    2.6940589750e-01    7.0970986572e+01    7.1000000000e+01    0.0000000000e+00   -1.0630836421e+01    9.9390702579e-01    1.0000000000e+00
      1949   -1.0576174046e+01    2.7932480754e-01    7.0974318368e+01    7.1000000000e+01    0.0000000000e+00   -1.0630630530e+01    9.9913211729e-01    1.0000000000e+00
      1950   -1.0532799588e+01    2.7051210860e-01    7.0972818957e+01    7.1000000000e+01    0.0000000000e+00   -1.0630703229e+01    1.0000000000e+00    1.0000000000e+00
      1951   -1.0569360932e+01    3.0845476084e-01    7.0971613030e+01    7.1000000000e+01    0.0000000000e+00   -1.0630685012e+01    1.0000000000e+00    1.0000000000e+00
      1952   -1.0546934246e+01    2.7051890829e-01    7.0974108690e+01    7.1000000000e+01    0.0000000000e+00   -1.0630690150e+01    9.9602357030e-01    1.0000000000e+00
      1953   -1.0534484474e+01    2.7494408017e-01    7.0967937878e+01    7.1000000000e+01    0.0000000000e+00   -1.0630735634e+01    1.0000000000e+00    1.0000000000e+00
      1954   -1.0464426893e+01    2.6244698134e-01    7.0953386594e+01    7.1000000000e+01    0.0000000000e+00   -1.0630652457e+01    9.9721919137e-01    1.0000000000e+00
      1955   -1.0499235050e+01    2.5816092613e-01    7.0947258175e+01    7.1000000000e+01    0.0000000000e+00   -1.0630414388e+01    9.9894264040e-01    1.0000000000e+00
      1956   -1.0455919180e+01    2.9129465965e-01    7.0945782573e+01    7.1000000000e+01    0.0000000000e+00   -1.0630313301e+01    9.9593589069e-01    1.0000000000e+00
      1957   -1.0432785478e+01    2.7925109381e-01    7.0934071121e+01    7.1000000000e+01    0.0000000000e+00   -1.0630255092e+01    9.9633342895e-01    1.0000000000e+00
      1958   -1.0428996571e+01    2.7400170284e-01    7.0929359105e+01    7.1000000000e+01    0.0000000000e+00   -1.0630040507e+01    1.0000000000e+00    1.0000000000e+00
      1959   -1.0452972629e+01    2.9131715823e-01    7.0932966927e+01    7.1000000000e+01    0.0000000000e+00   -1.0629922649e+01    1.0000000000e+00    1.0000000000e+00
      1960   -1.0562551106e+01    3.5380926614e-01    7.0956551570e+01    7.1000000000e+01    0.0000000000e+00   -1.0629934691e+01    9.9408835672e-01    9.8591549296e-01
      1961   -1.0522825111e+01    3.0874099800e-01    6.9970709530e+01    7.0000000000e+01    0.0000000000e+00   -1.0630285688e+01    1.0000000000e+00    1.0000000000e+00
      1962   -1.0515950310e+01    2.6579693777e-01    6.9965969056e+01    7.0000000000e+01    0.0000000000e+00   -1.0616292431e+01    9.9653099829e-01    1.0000000000e+00
      1963   -1.0569810366e+01    3.0535776824e-01    6.9974197997e+01    7.0000000000e+01    0.0000000000e+00   -1.0616218852e+01    9.9782115205e-01    9.8571428571e-01
      1964   -1.0625443047e+01    3.7725199672e-01    6.8994265437e+01    6.9000000000e+01    0.0000000000e+00   -1.0616358777e+01    1.0000000000e+00    1.0000000000e+00
      1965   -1.0603924784e+01    4.8173212656e-01    6.9003948926e+01    6.9000000000e+01    0.0000000000e+00   -1.0602306940e+01    1.0000000000e+00    1.0000000000e+00
      1966   -1.0597484419e+01    3.9262419425e-01    6.8999068274e+01    6.9000000000e+01    0.0000000000e+00   -1.0602487344e+01    9.9491275162e-01    1.0000000000e+00
      1967   -1.0588925334e+01    3.1631711925e-01    6.8996514462e+01    6.9000000000e+01    0.0000000000e+00   -1.0602453272e+01    9.9748747029e-01    1.0000000000e+00
      1968   -1.0608682801e+01    2.8707593743e-01    6.8998488555e+01    6.9000000000e+01    0.0000000000e+00   -1.0602448418e+01    9.9132057486e-01    1.0000000000e+00
      1969   -1.0667862923e+01    2.0752183185e-01    6.9012080322e+01    6.9000000000e+01    0.0000000000e+00   -1.0602519451e+01    9.9581094828e-01    1.0000000000e+00
      1970   -1.0577930285e+01    2.2142508202e-01    6.9006731182e+01    6.9000000000e+01    0.0000000000e+00   -1.0602789619e+01    1.0000000000e+00    1.0000000000e+00
      1971   -1.0533761263e+01    2.8050123063e-01    6.8983694882e+01    6.9000000000e+01    0.0000000000e+00   -1.0602738414e+01    1.0000000000e+00    1.0000000000e+00
      1972   -1.0536922428e+01    3.5586203882e-01    6.8976732183e+01    6.9000000000e+01    0.0000000000e+00   -1.0602407832e+01    9.9789857185e-01    1.0000000000e+00
      1973   -1.0562199504e+01    4.2670990489e-01    6.8981591550e+01    6.9000000000e+01    0.0000000000e+00   -1.0602311836e+01    9.9785538930e-01    1.0000000000e+00
      1974   -1.0677619839e+01    8.0838002480e-01    7.0006384896e+01    7.0000000000e+01    0.0000000000e+00   -1.0602400356e+01    1.0000000000e+00    1.0000000000e+00
      1975   -1.0581237513e+01    4.3976154639e-01    7.0003846562e+01    7.0000000000e+01    0.0000000000e+00   -1.0617225141e+01    1.0000000000e+00    1.0000000000e+00
      1976   -1.0516753686e+01    4.5671360526e-01    6.9975834186e+01    7.0000000000e+01    0.0000000000e+00   -1.0617216771e+01    9.8772682483e-01    1.0000000000e+00
      1977   -1.0499646851e+01    4.6870531748e-01    6.9961768923e+01    7.0000000000e+01    0.0000000000e+00   -1.0616810934e+01    9.9405217052e-01    1.0000000000e+00
      1978   -1.0554855451e+01    5.0590528743e-01    6.9968456714e+01    7.0000000000e+01    0.0000000000e+00   -1.0616595443e+01    1.0000000000e+00    9.8571428571e-01
      1979   -1.0505625105e+01    4.6621731171e-01    6.8973024257e+01    6.9000000000e+01    0.0000000000e+00   -1.0616705196e+01    1.0000000000e+00    1.0000000000e+00
      1980   -1.0530630258e+01    3.8340317395e-01    6.8970676945e+01    6.9000000000e+01    0.0000000000e+00   -1.0602364792e+01    9.9345086967e-01    1.0000000000e+00
      1981   -1.0529746088e+01    4.4680979785e-01    6.8974864318e+01    6.9000000000e+01    0.0000000000e+00   -1.0602332364e+01    9.9028981753e-01    1.0000000000e+00
      1982   -1.0525600753e+01    5.5197679479e-01    6.9979011361e+01    7.0000000000e+01    0.0000000000e+00   -1.0602394219e+01    9.9419225474e-01    1.0000000000e+00
      1983   -1.0603956013e+01    6.9007145657e-01    6.9981375148e+01    7.0000000000e+01    0.0000000000e+00   -1.0616846425e+01    9.9849084170e-01    9.8571428571e-01
      1984   -1.0567889651e+01    5.2336022601e-01    6.8990522957e+01    6.9000000000e+01    0.0000000000e+00   -1.0616919718e+01    9.9528187768e-01    1.0000000000e+00
      1985   -1.0541531487e+01    4.9175731652e-01    6.8983076744e+01    6.9000000000e+01    0.0000000000e+00   -1.0602680562e+01    9.9604723793e-01    1.0000000000e+00
      1986   -1.0531241579e+01    4.5420378038e-01    6.8976852413e+01    6.9000000000e+01    0.0000000000e+00   -1.0602579824e+01    9.9458638745e-01    9.8550724638e-01
      1987   -1.0551995514e+01    3.6998203190e-01    6.7978517302e+01    6.8000000000e+01    0.0000000000e+00   -1.0602491470e+01    1.0000000000e+00    1.0000000000e+00
      1988   -1.0490769706e+01    3.6264673165e-01    6.7977154150e+01    6.8000000000e+01    0.0000000000e+00   -1.0587924813e+01    9.9669909336e-01    1.0000000000e+00
      1989   -1.0479096792e+01    3.8860973061e-01    6.7964831604e+01    6.8000000000e+01    0.0000000000e+00   -1.0587885757e+01    9.9285865583e-01    1.0000000000e+00
      1990   -1.0561537782e+01    3.2719401224e-01    6.7976896379e+01    6.8000000000e+01    0.0000000000e+00   -1.0587679466e+01    1.0000000000e+00    1.0000000000e+00
      1991   -1.0622289473e+01    3.5468089305e-01    6.8001100087e+01    6.8000000000e+01    0.0000000000e+00   -1.0587874464e+01    9.9141698738e-01    1.0000000000e+00
      1992   -1.0631575230e+01    3.3880116354e-01    6.8012835719e+01    6.8000000000e+01    0.0000000000e+00   -1.0588279223e+01    9.9855517545e-01    1.0000000000e+00
      1993   -1.0621831840e+01    2.9066213455e-01    6.8012688364e+01    6.8000000000e+01    0.0000000000e+00   -1.0588505281e+01    9.8261882727e-01    1.0000000000e+00
      1994   -1.0522672632e+01    2.7806185983e-01    6.7994263275e+01    6.8000000000e+01    0.0000000000e+00   -1.0588551540e+01    9.9141018381e-01    1.0000000000e+00
      1995   -1.0560170898e+01    2.9480384214e-01    6.7983908508e+01    6.8000000000e+01    0.0000000000e+00   -1.0588277991e+01    1.0000000000e+00    1.0000000000e+00
      1996   -1.0493387585e+01    3.6900433023e-01    6.7978975748e+01    6.8000000000e+01    0.0000000000e+00   -1.0588142357e+01    9.9734998346e-01    1.0000000000e+00
      1997   -1.0628440658e+01    3.5268092288e-01    6.7990537346e+01    6.8000000000e+01    0.0000000000e+00   -1.0588052146e+01    1.0000000000e+00    1.0000000000e+00
      1998   -1.0609358691e+01    2.1372116589e-01    6.8010151154e+01    6.8000000000e+01    0.0000000000e+00   -1.0588273903e+01    1.0000000000e+00    1.0000000000e+00
      1999   -1.0594296939e+01    2.8107899503e-01    6.8004288842e+01    6.8000000000e+01    0.0000000000e+00   -1.0588604193e+01    9.9530315641e-01    1.0000000000e+00
